Recency,Frequency,Monetary
326,1,77183.6
2,182,4310.0
75,31,1797.24
19,73,1757.55
310,17,334.4
36,85,2506.04
204,4,89.0
232,58,1079.4
214,13,459.4
23,59,2811.43
33,131,6207.67
2,19,1168.06
58,248,6372.58
52,129,2662.06
287,10,189.9
3,266,5226.23
110,23,552.0
8,85,1313.1
291,22,641.38
4,11,168.9
51,167,3545.69
45,63,1887.96
72,52,1298.04
311,14,364.6
25,33,742.9300000000001
11,17,457.5
315,77,1628.12
130,219,4008.62
82,40,852.24
22,104,2724.81
5,87,1845.31
185,99,1850.56
29,27,585.27
338,10,401.9
16,100,2780.66
80,32,549.84
22,100,460.89
72,64,1582.6000000000001
64,27,1272.48
19,156,3018.63
36,126,2409.9
46,85,1635.6599999999999
119,59,1108.65
303,5,84.3
323,11,225.6
50,5,427.7
149,54,1710.39
22,105,3415.3
50,77,1708.1200000000001
33,105,2888.55
79,109,11072.67
309,26,693.3299999999999
75,61,1226.88
67,38,758.1
217,18,562.41
24,716,124914.53
3,192,3649.1
113,34,668.58
64,29,600.39
16,45,807.04
96,39,803.5600000000001
1,125,1859.31
163,30,1760.96
78,36,777.2
195,30,582.73
22,31,825.8
26,294,7956.46
9,97,3750.4
43,11,256.4
36,236,6487.45
43,108,5059.32
1,420,13375.87
85,50,806.14
80,36,7829.89
100,16,509.01
2,200,4951.41
14,98,2906.85
367,11,173.55
3,12,172.06
21,177,5005.46
22,4,133.4
58,58,1002.3100000000001
243,26,476.49
44,22,449.45
22,191,4067.29
156,8,197.88
11,354,9035.52
17,22,430.57
134,43,707.09
56,15,3528.34
73,90,2466.86
44,125,3181.04
66,63,2363.23
71,38,947.4
94,35,826.88
19,62,1189.59
53,83,1344.78
10,29,1212.05
17,47,742.1899999999999
188,38,729.5400000000001
2,460,19824.05
32,339,6572.11
29,168,3938.5499999999997
17,424,7375.79
54,36,723.38
16,233,6816.42
23,300,13219.74
4,36,680.99
11,31,527.2
28,154,3281.63
23,217,5596.32
17,75,2484.98
33,346,4541.72
10,55,1298.66
336,15,334.93
5,245,5417.93
39,26,460.40000000000003
63,20,263.21000000000004
166,22,433.74
16,77,1246.1000000000001
82,14,1043.1
21,23,403.70000000000005
23,61,4257.82
337,149,2169.39
96,147,3723.87
18,9,482.04999999999995
233,23,73.5
134,22,1304.81
26,69,398.27
284,7,176.5
143,33,982.5699999999999
66,34,138.03
113,35,612.29
267,51,1017.68
353,16,383.7
78,26,1312.06
28,284,2502.84
1,124,2056.89
64,18,340.84
79,152,2634.26
143,38,599.68
39,12,192.72
19,106,1789.77
9,144,4485.72
1,71,1316.66
82,18,348.71000000000004
9,92,1933.48
60,66,1662.28
15,17,125.22
30,16,349.83000000000004
131,63,1089.18
92,34,716.35
43,261,12601.830000000002
29,21,363.95
22,273,5568.35
20,478,13400.24
30,52,981.18
36,19,372.7
75,50,1000.39
47,69,1161.5
198,8,207.79999999999998
166,5,95.19999999999999
79,57,964.83
358,10,168.0
39,20,437.82
8,191,3692.28
50,121,603.71
16,33,11990.960000000001
8,11,269.96
311,21,561.71
5,105,2134.01
303,16,238.85
8,168,3781.7400000000002
261,21,456.9
289,9,145.92
86,19,351.65
23,446,9401.28
2,188,4124.69
40,34,519.61
9,60,1020.42
227,28,160.54000000000002
316,11,218.45
36,88,1315.83
35,147,657.8
21,114,2794.51
78,29,440.42
247,24,415.7
40,15,197.71
239,22,511.36
3,247,7281.38
4,96,2338.15
234,87,2040.1
17,11,196.94000000000003
8,4,144.0
39,10,214.89999999999998
29,35,646.68
211,68,9864.26
317,26,452.84999999999997
92,18,437.6
109,21,418.09999999999997
38,118,3338.2200000000003
51,27,618.27
19,206,3811.22
10,132,3023.08
29,62,1032.58
29,64,2599.04
190,28,577.0600000000001
59,12,153.12
22,3,739.1999999999999
79,16,254.18
60,101,1579.51
78,60,1126.85
23,106,2099.54
52,65,1193.32
74,19,704.0400000000001
57,153,3344.38
278,20,315.6
2,105,2291.19
95,32,713.3
29,42,355.53
22,11,177.31
16,90,3641.24
15,92,1339.41
2,467,13689.67
232,11,180.1
276,18,305.1
106,38,641.13
212,86,2683.82
23,294,6620.48
11,230,4478.53
4,41,786.46
10,64,1270.88
57,31,640.5
59,101,2163.98
90,101,1689.18
67,390,6021.9
33,39,671.69
239,22,486.1
24,53,1174.58
115,10,185.9
25,47,1013.26
128,24,3344.64
130,31,477.91
34,73,1775.18
5,45,1346.97
22,122,3722.82
155,21,318.05
107,31,623.51
3,20,314.44
335,9,114.0
331,48,919.98
149,43,2209.85
11,38,601.98
17,126,4051.17
11,47,1643.18
19,36,686.05
30,5,91.68
11,13,245.1
1,230,3849.78
8,37,4881.88
325,3,63.0
58,33,620.13
12,161,3807.15
151,101,2744.0299999999997
10,92,2996.05
330,10,225.89999999999998
5,42,610.52
39,83,1970.6
25,45,1331.39
42,165,17628.46
59,48,1113.02
1,52,862.81
15,638,13787.54
4,525,12288.22
4,344,8476.57
8,105,2283.63
28,157,2863.08
372,7,89.14
114,171,4873.8099999999995
26,72,1247.61
206,16,389.01
28,32,1035.8
127,39,855.91
70,37,869.67
7,27,582.1
29,41,957.59
8,268,4939.99
80,53,797.71
20,12,219.0
71,21,283.55
7,88,2340.84
15,334,6868.29
292,33,603.42
30,157,2712.91
15,208,9736.52
97,77,1149.02
29,133,4396.13
1,38,848.55
9,259,4708.86
106,21,353.86
4,69,1053.49
151,55,1030.98
71,19,238.25
5,39,644.95
3,354,5781.73
32,161,2656.13
85,53,997.63
4,69,725.07
5,53,1031.41
371,24,427.8
28,124,2609.1
11,139,3980.7
71,46,836.33
114,26,453.01
24,274,18895.91
180,12,236.26000000000002
234,22,383.95
353,4,110.39999999999999
315,43,779.5699999999999
333,4,234.0
372,11,155.35
78,38,1013.04
64,27,427.6
134,134,546.43
52,222,21279.29
2,103,4196.01
1,4596,33719.73
4,199,4090.88
129,15,275.88
81,53,4366.78
23,197,21429.39
236,63,3010.74
281,4,3811.95
87,4,112.07999999999998
16,371,7857.1
117,97,2791.59
52,95,1531.44
8,69,1898.52
138,18,494.08
317,45,1693.88
4,310,6989.63
239,32,1143.6
211,12,1351.45
60,55,892.47
17,66,1386.04
20,50,822.23
38,149,3981.36
64,25,826.74
5,103,2330.92
2,84,2225.91
9,59,574.42
364,14,311.95
10,20,463.66
65,4,91.85
192,21,324.92
374,2,192.60000000000002
257,25,400.53999999999996
335,24,545.48
53,45,860.41
19,14,430.48
366,13,254.03
10,8,6977.04
187,25,427.58
37,28,483.65000000000003
178,25,489.31
261,31,514.85
45,15,229.64000000000001
102,2,125.92
148,47,1063.46
96,29,572.2
281,4,166.04
262,14,1542.08
3,59,942.34
214,6,92.72
71,46,948.88
75,5,1759.5
60,25,397.12
3,91,1474.72
6,25,430.15000000000003
3,56,1018.71
337,11,293.0
38,38,6814.64
262,9,215.05
32,27,383.03
145,24,417.38
283,18,312.38
59,175,2612.86
173,12,134.1
34,123,683.13
3,314,5591.42
144,113,2726.77
5,420,4022.35
70,34,1118.99
66,103,1702.26
29,52,325.96000000000004
267,27,354.09
22,91,871.54
31,51,1050.8899999999999
97,50,135.18
295,17,311.55
135,78,1957.1000000000001
79,110,1324.5
373,3,38.1
8,314,2179.93
211,46,1106.4
52,5,521.2
138,3,147.12
26,95,1568.23
283,26,559.12
26,538,4036.82
186,107,1607.0600000000002
84,11,380.64
327,66,599.97
282,4,374.0
143,2,343.2300000000001
58,85,2218.02
4,154,1535.77
236,47,854.99
45,10,573.22
276,7,298.0
9,13,1463.04
25,42,703.47
88,7,309.05
63,71,1175.22
68,82,1378.4
214,5,354.12
24,82,380.46999999999997
186,3,331.0
31,34,188.14
42,22,372.8
205,4,216.5
9,116,17654.54
265,10,138.68
18,72,509.58
12,63,2919.81
176,2,750.0
40,91,2178.67
23,75,3075.04
3,24,1662.3
5,50,2483.63
149,22,363.65
139,107,3006.15
128,2,594.0
8,50,1335.19
17,28,164.23
9,720,16587.09
161,28,405.38
64,29,176.97
88,30,933.7
5,45,694.05
35,84,2062.7000000000003
312,8,117.85
78,25,415.8
22,82,42055.96
24,106,607.53
2,129,2160.7
17,62,1063.9
15,120,1504.27
26,9,114.14
64,47,11581.8
55,99,913.54
131,75,683.9
36,30,604.51
288,23,462.95
144,97,1603.99
16,116,2064.95
31,215,4167.22
2,23,1843.0
9,63,1064.07
6,79,1387.79
10,17,329.85
1,180,4757.16
306,19,108.07
10,238,4017.54
7,16,266.39
8,95,1856.63
89,109,771.91
10,10,160.18
358,19,1660.9
112,5,135.95
7,151,452.24
4,305,11189.91
198,8,144.8
212,22,738.6
156,9,39.239999999999995
158,20,7374.900000000001
30,20,372.21999999999997
243,28,390.54
19,4,97.5
1,76,1239.38
74,28,558.7
292,92,535.32
3,64,6924.110000000001
31,13,409.5
23,31,503.76
23,27,414.76
4,61,974.4200000000001
85,3,211.32
22,59,1226.89
196,28,455.88
107,31,534.85
4,339,9818.82
318,7,120.94999999999999
106,6,149.05
12,404,5655.91
174,26,513.7
56,4,81.57
323,14,229.46999999999997
372,3,50.550000000000004
9,89,1661.8400000000001
1,219,4810.9400000000005
11,110,3466.2799999999997
53,176,3346.28
73,47,789.89
7,1,204.0
16,458,7277.7
4,131,2616.38
64,40,689.9
1,40,975.36
114,26,6912.0
23,45,661.3199999999999
31,10,1247.5
11,99,799.48
52,71,1010.18
357,11,190.55
55,37,642.77
74,27,921.88
138,48,881.07
80,28,908.46
9,43,676.99
273,13,516.42
291,33,560.47
99,18,305.28000000000003
31,35,629.31
32,172,3237.54
14,136,1835.91
64,14,656.6800000000001
15,403,5836.86
212,18,348.15000000000003
78,76,1214.41
25,8,271.40000000000003
250,8,183.4
254,15,307.53
72,10,248.61
191,11,346.98
13,69,1119.49
373,14,205.86
24,48,470.8
82,15,115.46000000000001
10,2,344.0
1,425,4436.12
192,9,228.8
267,7,177.15
130,22,919.61
1,112,729.27
3,358,12627.94
4,6,220.10000000000002
179,6,58.08
12,1028,28337.38
126,73,3613.63
4,18,303.75
158,22,416.08000000000004
3,1818,58825.83
9,155,8910.82
28,21,345.82
71,25,477.83
276,159,7832.47
21,24,1927.3200000000002
71,6,74.39999999999999
33,423,6010.42
1,572,28882.44
99,1,207.35999999999999
234,8,101.19
1,304,6424.09
40,8,243.94
3,20,1098.48
133,1,76.5
44,58,1531.6200000000001
373,10,350.06
60,47,786.54
31,145,1488.67
1,201,12245.960000000001
12,120,2294.78
138,30,501.14
22,76,984.91
20,79,1197.81
239,1,30.599999999999998
269,50,283.73
94,55,922.39
90,235,3866.33
5,140,2099.64
78,15,259.17
94,2,64.0
23,44,1073.3
262,3,77.3
274,7,109.8
86,98,1793.58
197,1,3096.0
56,127,2607.61
11,704,3650.41
22,63,962.39
16,170,5064.94
108,46,423.72
85,135,2388.75
19,23,307.09
333,3,110.95
40,6,618.52
26,17,228.91
10,4,712.8000000000001
29,319,3707.12
14,86,1676.06
296,74,1257.8700000000001
6,15,486.22
33,85,971.76
49,87,1741.22
95,79,1201.06
9,121,1437.85
22,4,91.8
313,8,112.75
122,79,1688.29
46,42,1021.48
283,41,417.2
19,65,791.33
36,131,1319.19
64,13,712.88
27,32,116.00999999999999
22,46,468.41
4,43,353.65
16,314,2817.03
46,72,492.84
65,17,282.45
26,265,5725.47
45,11,121.18
8,94,3957.78
15,181,1701.29
268,1,71.4
40,79,1575.89
337,37,236.02
11,2,114.60000000000001
19,29,260.68
95,63,911.94
61,29,117.88
136,3,60.7
11,110,1797.78
10,226,3401.2400000000002
4,119,9817.12
19,46,870.09
10,57,869.46
15,8,250.26000000000002
59,149,1223.9
30,321,5891.61
94,22,353.48
10,56,1197.42
20,142,788.08
57,90,1520.58
268,5,333.74
122,4,533.98
127,5,62.63999999999999
78,21,819.2900000000001
240,66,847.41
200,5,163.20000000000002
60,108,2155.95
3,32,6463.84
273,16,108.21000000000001
202,9,257.7
81,2,358.0
226,10,160.95
4,611,2806.97
13,207,1357.6
74,43,605.12
212,58,1031.07
25,36,744.85
17,31,700.73
262,22,329.56
96,67,663.65
112,13,270.40000000000003
203,58,600.07
93,27,121.74000000000001
51,16,430.5
18,141,1987.3
18,25,501.12
125,26,465.68
92,23,711.41
157,36,1030.4
9,13,399.51
14,1,0.0
12,38,698.58
62,87,292.32
61,8,557.62
269,9,944.1
263,11,200.29
1,1677,7454.07
53,91,2107.66
11,187,3834.2599999999998
3,211,4521.49
18,440,3214.69
1,316,5346.2300000000005
366,1,590.0
37,96,217.38
31,15,276.56
113,16,138.98
64,30,590.9300000000001
16,8,258.4
41,46,542.73
78,9,137.75
122,85,814.86
18,37,1132.14
60,7,93.66
331,13,201.19
23,187,2709.12
156,42,361.11
39,31,578.9399999999999
190,54,873.74
360,10,201.20000000000002
137,5,87.4
8,59,2089.85
1,2,360.0
268,5,142.5
169,20,371.89
104,81,618.09
155,1,63.75
351,21,300.42
4,81,2000.86
120,1,15.0
23,54,1385.51
7,107,1456.79
28,72,1132.03
4,26,598.57
22,78,1555.32
2,62,775.94
37,87,5977.7300000000005
66,124,2273.68
1,20,640.76
5,476,10845.550000000001
78,106,1548.7
72,11,567.36
17,25,199.48000000000002
3,21,787.85
36,75,7121.95
82,12,675.3
39,108,3627.77
316,17,1308.48
32,17,789.0
93,53,1140.93
14,21,350.9
82,268,3536.82
77,51,795.12
158,19,487.02
201,54,860.12
45,134,10736.48
261,42,775.85
178,19,353.43
68,119,2543.72
288,20,389.5
70,8,341.36
64,14,233.76
11,16,247.32
16,40,979.12
66,16,373.94
60,24,397.97999999999996
71,51,743.53
122,32,674.7
80,42,768.24
257,90,609.95
269,29,439.03
64,23,439.56
9,166,3090.7400000000002
18,60,992.5
71,10,134.95999999999998
34,128,2225.37
50,1,56.160000000000004
257,29,623.4
366,14,308.28000000000003
372,39,754.87
90,23,378.64
61,158,3312.25
89,37,778.65
99,53,1019.76
26,97,572.56
32,172,3639.31
281,15,222.99
31,152,4151.93
330,35,534.57
131,35,677.1
11,51,797.96
75,13,544.08
204,1,59.8
2,155,2520.02
185,21,307.72
29,43,1360.99
73,38,1544.13
192,26,457.34
127,39,621.23
18,3,75.0
1,11,252.49
74,27,572.451
2,478,28117.04
24,28,1003.06
107,18,213.55
134,24,1390.5
44,19,712.5
5,28,640.83
12,304,6127.43
64,16,221.06
150,8,159.85
40,104,1851.08
64,127,2626.3
108,78,1624.21
1,157,3641.32
19,29,582.6
10,74,218.47
11,67,1006.8
19,49,679.45
67,46,1269.1
74,10,534.24
5,101,3809.8900000000003
2,12,196.89
14,167,3408.06
255,54,283.71
92,13,296.64
23,59,1129.14
17,195,3539.37
24,19,291.88
27,71,2043.7199999999998
26,443,2976.15
259,2,590.0
166,17,356.97999999999996
25,46,1058.34
18,63,1766.72
7,382,9646.57
29,17,183.44
39,27,1445.0
253,9,151.5
58,41,674.68
184,17,307.9
11,99,1083.71
2,302,5704.97
99,10,165.0
1,260,2531.58
61,21,422.64
236,64,229.59
191,86,1431.78
179,58,1238.47
38,79,1454.58
201,15,300.95
46,109,1804.56
232,11,184.64
66,10,140.34
241,8,313.8
233,23,454.24
78,69,1122.41
58,34,575.4
17,422,8968.31
105,14,449.52
52,86,1215.82
136,50,1269.84
275,8,618.63
312,18,316.26000000000005
8,48,2044.8700000000001
11,35,653.33
283,19,348.05
18,42,1159.11
23,65,1166.77
288,52,1340.32
17,18,292.0
71,17,216.85
64,22,295.93
73,215,4393.63
316,26,458.52
3,162,2479.16
244,12,110.97
9,44,979.72
1,115,1791.56
261,15,251.21
127,10,205.1
74,4,152.20000000000002
73,59,891.12
21,44,1389.41
60,141,2128.42
86,38,659.4399999999999
78,8,122.75
59,93,3624.35
1,436,1093.65
30,5,125.80000000000001
33,172,3964.88
41,27,680.1800000000001
15,6,628.78
34,223,2287.51
79,15,307.76
205,22,483.8
34,66,210.31
183,76,270.79
2,296,5870.08
1,179,3448.29
43,25,1280.85
86,37,631.34
40,87,291.41
12,98,626.99
96,124,682.41
26,51,918.2
319,4,91.80000000000001
66,109,3740.07
74,136,4149.28
28,34,584.06
6,175,605.06
7,33,174.37
216,14,141.85999999999999
82,82,1799.33
84,49,777.53
144,83,1749.02
19,38,240.22
41,176,874.71
173,44,192.85
17,85,373.75
243,27,239.49
13,341,2092.32
206,33,1384.25
50,26,294.4
23,46,732.0699999999999
10,126,6717.34
25,83,1687.6000000000001
15,23,467.04
309,10,118.0
156,53,781.03
307,24,142.4
64,8,712.4
16,174,2478.95
15,21,379.65
11,87,1981.92
65,58,1117.13
36,16,247.95999999999998
108,128,2037.0800000000002
53,26,396.97
6,166,697.04
47,40,180.17000000000002
1,247,5153.67
312,19,219.52
45,99,693.32
65,23,428.89
26,27,164.34
29,43,280.53999999999996
40,98,678.01
12,226,1131.88
89,74,1171.8
24,201,1610.46
319,23,417.69
40,44,544.18
174,13,177.34
117,19,213.85
31,81,747.78
253,19,257.23
59,92,1638.47
23,59,7792.36
5,71,2031.78
100,11,3070.42
25,146,2121.27
33,188,1575.16
68,62,1071.03
37,63,949.12
52,101,810.5
16,8,122.64
74,40,1033.34
216,66,354.8
31,28,519.44
16,146,2624.26
120,5,252.1
10,79,1678.1200000000001
257,23,346.6
17,96,1836.34
35,6,94.2
46,63,1095.08
43,166,2707.33
114,56,932.97
165,49,379.65
11,16,382.14
10,108,2639.17
206,104,1573.2
86,53,897.76
179,13,189.47
60,12,84.65
149,87,305.02
3,470,6363.59
51,9,218.55
75,25,349.7
301,6,186.39000000000001
19,65,396.92
151,25,486.82000000000005
152,16,232.6
1,195,3722.42
18,57,827.83
187,3,59.5
286,30,67.23
3,39,3119.44
183,8,72.0
63,6,910.0
59,9,172.25
25,53,1488.32
4,568,65039.62
31,90,2504.13
39,12,151.29999999999998
155,14,308.58000000000004
26,197,2265.12
318,1,99.5
5,134,2308.06
8,28,711.86
303,20,330.79
267,48,806.41
271,51,296.88
4,336,6328.05
32,8,180.48
219,13,252.06
247,10,228.84
281,105,1079.34
269,21,138.28
32,102,1445.01
246,12,306.55
15,60,1041.68
117,43,799.9
36,28,524.14
132,85,2375.41
217,6,199.85000000000002
50,104,1980.56
39,42,1079.6599999999999
29,20,333.48
37,63,1016.14
136,43,752.6
219,38,610.59
28,33,491.86
25,196,2885.2400000000002
5,191,731.9
200,30,339.59999999999997
18,3,216.9
241,23,350.75
72,34,668.4300000000001
17,321,3131.02
3,41,1341.6
95,72,1156.36
162,25,300.04
374,1,79.6
96,28,948.25
54,24,1647.26
288,9,296.25
124,76,1186.28
288,35,741.26
152,12,282.59999999999997
4,342,2161.35
2,142,5189.52
12,117,3190.55
33,25,659.4100000000001
54,57,286.79
50,70,1070.65
219,7,306.72
63,15,1714.96
71,208,1521.76
2,368,17220.36
2,135,2796.51
64,119,2634.45
34,177,1132.13
82,22,345.0
1,197,25977.16
103,9,178.7
7,57,360.01
251,17,127.84
13,115,912.0
10,31,2462.79
367,7,230.39999999999998
76,31,309.04
4,45,348.8
128,11,1516.0
66,13,195.55
1,349,37153.85
117,39,688.86
310,33,558.32
67,23,324.8
139,60,4599.42
255,17,277.07
31,137,2635.79
52,13,924.6
64,10,256.38
367,7,112.6
6,76,1747.66
305,12,155.05
29,35,1499.01
184,13,814.5
42,36,539.0
40,69,1366.8600000000001
92,57,1579.12
22,176,4027.36
24,28,571.6700000000001
29,24,382.98
302,36,1140.35
145,59,385.64
6,96,632.0
19,40,957.66
33,46,1698.94
176,10,189.5
58,93,412.05
22,15,209.49
16,74,2202.99
19,3,52.199999999999996
159,29,384.8
25,55,834.57
212,19,271.24
6,174,691.73
253,1,85.0
59,206,3385.62
11,20,361.62
65,9,312.98
25,55,865.0600000000001
92,5,1255.0
52,101,1537.95
129,93,1595.48
96,81,2651.46
57,23,1090.14
9,110,8109.5199999999995
169,14,388.5
57,11,216.17
326,28,201.16
1,76,1245.9
18,139,2209.36
248,20,305.78
58,30,501.56
74,7,145.67000000000002
31,61,1015.29
7,33,3192.54
123,307,3104.95
2,115,2770.94
23,336,6403.25
120,23,389.6
358,18,540.45
54,104,1786.79
64,7,122.7
86,3,117.24
55,36,1281.53
21,165,3219.77
4,178,17159.52
3,65,1191.13
11,142,2674.48
7,59,787.6
189,28,506.8
71,16,243.56
204,19,349.55
120,40,605.63
93,15,416.90000000000003
1,110,1883.8100000000002
27,27,632.97
298,21,821.1
24,27,564.62
28,118,2593.07
50,17,311.16
326,12,155.93
16,19,388.52
183,43,740.95
72,149,2867.2
37,26,332.64
80,122,2369.55
57,148,2580.91
12,33,626.45
50,18,272.04
50,30,1212.8400000000001
59,28,384.81
352,7,172.25
54,20,351.13
2,117,1838.8500000000001
93,41,678.25
23,11,223.85000000000002
75,21,348.99
11,27,464.57
169,9,842.65
58,17,337.34
96,58,1237.53
295,16,307.4
109,23,608.7900000000001
264,31,922.1
180,26,376.58
169,9,158.85
35,7,71.66
23,45,568.55
17,49,839.14
22,45,5112.96
79,11,561.5699999999999
65,5,90.6
361,3,102.0
3,160,2427.32
11,35,745.06
176,39,674.45
218,137,3251.071
7,20,3515.68
2,25,439.92
154,33,322.96
5,152,1026.42
79,92,598.2
21,12,230.22
22,11,169.55
308,35,664.54
146,2,80.7
7,626,9053.94
19,149,2758.26
71,15,190.25
287,11,264.7
49,28,413.59000000000003
31,338,2526.28
207,10,357.98
15,15,196.79000000000002
73,54,869.87
60,11,200.14
39,111,1871.81
30,107,2603.43
27,16,920.51
4,351,7060.13
17,13,320.46
20,234,4147.96
66,41,1266.08
213,16,311.3
12,84,855.97
30,5,76.8
43,121,3466.36
4,155,2313.14
15,86,1393.69
10,208,3901.81
211,15,635.66
46,39,2043.0800000000002
134,47,529.73
43,171,4582.64
10,84,2874.72
116,30,962.19
198,42,695.61
278,11,328.8
110,34,473.02
77,39,505.18
53,20,917.34
162,161,4341.21
47,66,1421.61
17,39,642.8
155,22,631.9
225,28,440.0
7,31,584.07
122,16,327.7
61,6,104.82
63,15,467.66
18,243,2360.09
7,250,17286.86
2,143,2975.59
22,89,651.8199999999999
29,66,1428.02
285,38,626.65
176,28,147.20000000000002
78,92,1560.38
33,6,152.2
41,235,3614.92
266,21,141.41
27,209,652.82
109,6,1659.75
284,14,154.99
9,32,1308.6100000000001
305,85,409.93
17,488,5681.72
32,54,746.36
1,210,15610.390000000001
20,56,225.36
124,4,260.25
65,6,92.46
106,10,725.6400000000001
1,1106,8214.65
24,284,6217.96
267,8,183.6
5,202,6140.42
10,111,10464.85
29,80,1353.74
267,7,152.55
64,52,374.7
320,24,265.85
4,324,1438.82
32,13,151.04
5,43,942.26
129,46,122.47
41,42,499.41999999999996
102,65,1049.37
125,12,375.1
33,4,45.599999999999994
302,153,934.52
365,29,182.25
4,181,1018.43
2,450,4448.54
3,69,194.42
10,589,50491.81
57,14,161.0
325,1,76.32000000000001
8,214,4076.91
12,105,442.85
4,5111,65164.79
37,21,147.35
16,250,3104.17
138,26,194.9
74,35,5976.79
5,79,1360.28
155,21,216.20999999999998
239,74,1266.23
52,123,2703.23
31,34,597.91
73,9,144.2
4,156,5683.15
14,10,692.85
23,160,2915.15
4,34,1840.42
274,15,386.53
20,72,1382.74
144,3,90.0
4,159,2780.15
84,5,419.58000000000004
11,167,2740.43
8,15,706.1300000000001
123,44,709.71
61,46,637.5
2,52,1123.8600000000001
319,67,483.86
2,200,3586.0299999999997
130,28,605.64
2,134,4690.31
2,47,982.3800000000001
46,26,415.82
4,66,935.05
3,40,915.13
373,22,311.81
134,7,115.8
47,11,3742.2
9,210,4191.0
78,5,483.4
234,3,157.2
221,28,446.62
36,26,658.64
75,49,621.29
239,52,1345.62
266,6,118.75
10,1400,117379.63
20,48,432.88
40,41,507.66
20,1204,4693.01
216,108,1110.52
174,25,289.36
87,52,2445.91
71,29,1631.77
276,25,122.53999999999999
39,52,574.84
98,58,363.79
11,29,450.84
33,26,134.46
60,149,3222.3
297,31,576.9000000000001
86,42,559.41
9,327,1620.93
41,165,719.78
11,240,4748.52
67,24,452.89
331,3,197.65
31,65,2054.36
2,265,4654.08
2,259,4684.76
68,42,853.39
5,579,11349.52
202,7,1012.0
107,6,335.52
18,39,701.4
218,2,185.39999999999998
60,37,747.44
2,44,161.03
17,24,466.7
239,20,328.15999999999997
95,10,151.74
11,87,2073.43
106,102,1905.8400000000001
53,112,2241.1
90,9,1070.48
31,67,1004.38
12,108,1789.72
3,59,1839.3
2,100,2004.98
43,12,169.48000000000002
4,7,89.94
247,21,632.4
42,193,3432.8
177,41,683.17
92,60,991.13
110,118,1050.12
29,67,2232.19
26,175,3350.96
52,40,1547.2
184,50,925.71
43,115,2048.07
49,35,1462.72
22,159,775.46
75,79,3144.86
81,15,490.86
373,9,161.0
326,8,146.85
43,112,2380.85
30,42,890.34
184,10,213.70000000000002
235,16,280.55
9,141,2588.77
220,108,1693.45
111,75,1474.06
278,20,136.76999999999998
318,8,302.58
7,111,1904.05
2,78,2879.7000000000003
260,53,969.0600000000001
64,106,3099.7200000000003
9,111,12669.98
142,5,120.0
51,52,1163.45
8,143,2618.23
155,17,333.97
109,31,530.18
163,55,1516.24
332,29,492.65000000000003
226,10,112.32
74,33,437.96
51,29,559.97
99,64,1119.74
15,225,4216.2
197,8,134.04
3,156,3729.34
31,32,595.25
21,27,1910.01
24,280,4628.75
8,9,176.63
213,16,426.6
9,47,911.26
11,101,2314.65
2,237,3883.25
8,100,4871.93
3,61,1046.56
40,5,166.20000000000002
18,62,1305.33
8,1637,51527.3
8,143,3965.62
19,3,43.2
117,13,640.14
223,17,383.45
71,105,1858.96
51,33,2093.32
89,180,2995.72
8,117,2352.53
243,20,310.26
47,87,1611.59
107,8,120.0
45,101,2481.13
65,24,508.58000000000004
207,31,477.79
11,123,1530.75
115,36,605.0600000000001
242,8,183.85
163,12,311.65
17,259,5014.84
124,28,462.65999999999997
23,26,866.31
68,15,415.2
17,162,2552.21
16,63,468.26
17,90,1614.91
161,31,588.22
243,14,309.52
219,6,134.7
45,129,2182.28
21,21,668.5600000000001
127,71,889.9300000000001
39,6,108.97999999999999
121,60,1021.58
260,18,409.57
10,31,133.5
274,18,282.93
165,1,51.0
157,47,1078.96
215,6,90.6
6,9,163.62
366,11,174.4
80,33,701.23
43,41,225.77
19,55,912.18
32,118,2128.23
22,41,161.2
109,69,3717.35
8,524,9261.52
320,8,155.0
295,4,100.5
358,4,76.55
185,75,257.68
191,11,617.05
44,46,348.1
52,56,202.68
26,131,626.0699999999999
38,59,1247.69
9,14,202.11
297,7,142.4
33,140,1770.56
10,186,3212.84
65,45,1043.46
10,286,4652.82
218,5,67.95
2,350,3507.71
65,73,487.99
3,87,2612.96
149,25,574.7
4,182,4051.48
130,20,1475.81
34,103,1474.32
119,8,156.75
107,73,2157.73
11,107,2606.53
71,54,2059.4500000000003
92,194,1105.07
311,14,1063.0
43,43,770.03
362,23,122.7
92,97,1496.98
1,590,5900.28
22,14,490.22
4,124,1937.25
11,206,1058.06
99,29,387.52
57,27,813.11
1,222,4263.64
218,3,265.2
18,1,322.08
24,224,4481.67
50,17,363.34000000000003
7,144,1244.83
303,17,470.36
10,382,2255.51
22,12,1372.8
99,9,89.06
366,5,63.0
306,9,131.9
320,32,2661.24
8,55,2357.6800000000003
1,51,1712.89
205,63,1589.82
54,93,1420.2
1,293,1039.58
19,70,1163.23
9,20,375.35
19,258,907.1
181,40,483.25
60,109,662.59
11,62,264.44
190,22,119.93
5,970,3062.4
311,4,113.64
155,37,1837.92
110,16,434.34
148,180,2103.06
66,240,2004.02
98,6,529.62
247,130,1058.6200000000001
29,72,2272.4
18,90,598.76
12,43,461.19
104,281,1936.84
74,7,234.34000000000003
46,29,547.66
72,42,925.85
257,19,215.7
20,10,1309.6
254,18,316.25
11,13,279.05
165,30,636.51
18,144,2068.15
282,9,137.1
50,14,321.92
39,47,165.75
27,144,1196.33
68,46,1064.28
207,30,463.38
175,17,340.93
7,120,2383.2400000000002
26,7,139.56
51,6,123.8
312,19,538.8100000000001
309,29,475.37
43,193,1957.32
26,194,815.32
88,7,356.85
184,10,251.21
20,624,2470.67
3,164,3543.26
47,107,673.26
17,799,5905.64
17,316,2012.17
24,96,1383.18
22,57,276.42
11,68,1314.81
188,23,275.28
101,12,455.59000000000003
61,73,1055.35
18,101,2102.09
33,18,330.45
64,16,174.37
2,4,270.6
24,17,974.54
108,12,241.09
32,203,1867.68
20,291,4332.2
3,972,8508.82
37,18,364.21999999999997
60,229,620.04
26,216,2925.91
236,64,932.85
25,62,1949.72
3,519,4447.05
60,330,2864.19
260,19,171.8
58,10,355.56
65,19,388.25
16,32,537.48
10,76,996.26
59,111,1461.65
186,5,103.25
29,72,3630.33
24,114,2024.45
5,399,2578.09
4,366,4007.54
151,4,652.8
311,56,289.24
11,48,765.62
18,10,186.23
152,58,165.07
19,113,859.27
10,216,2381.04
57,21,324.14
85,16,788.38
7,74,2237.77
76,69,1080.76
4,423,5074.77
96,127,3099.12
111,4,1432.0
57,33,1530.3600000000001
1,12,227.39
281,29,218.06
3,270,2832.84
180,235,1653.42
372,1,35.400000000000006
13,123,859.71
3,24,168.63
17,17,138.6
41,6,114.11
6,330,1052.55
169,100,1042.26
50,29,157.05
277,19,237.36
19,383,1601.14
372,3,39.75
15,197,1447.14
35,164,570.46
22,152,617.99
7,53,379.83
20,102,1740.6
11,55,883.15
44,50,221.97
306,25,393.33000000000004
11,7,213.96
275,2,660.0
1,2700,12156.65
16,86,16569.5
4,20,1785.15
72,4,601.56
243,3,406.08000000000004
9,16,553.44
246,20,394.44
206,26,412.78000000000003
1,92,1788.3600000000001
185,21,320.58000000000004
32,134,889.25
57,13,225.85
196,53,899.63
24,122,2791.27
91,24,671.96
4,152,959.01
51,41,1006.98
263,8,114.56
266,20,344.90000000000003
36,28,609.85
51,16,443.6
52,172,2984.49
24,106,2125.08
22,7,110.46
59,2,96.12
170,31,693.8100000000001
68,26,830.76
157,30,597.09
2,2080,280206.02
201,30,243.22
5,199,1417.29
67,102,654.6
77,29,114.18
1,237,1947.55
8,49,1932.23
169,80,291.05
18,126,848.22
5,29,247.15
9,253,2529.93
87,30,285.74
27,4,107.95
29,168,771.17
20,99,637.89
61,90,1835.7
24,14,195.25
11,573,9241.2
242,170,1269.99
280,132,411.53
235,61,765.55
3,74,1736.4
16,102,604.75
31,42,2548.2400000000002
25,258,28754.11
71,7,498.95
188,2,52.0
26,421,1236.28
107,15,628.38
8,327,5630.87
209,13,112.8
44,50,371.7
31,71,2114.33
137,68,591.55
265,8,172.9
4,130,2078.95
218,22,188.60999999999999
2,210,1250.76
214,8,109.13000000000001
32,115,2235.3
11,335,2549.37
1,347,3292.14
15,22,318.17
11,415,1546.91
199,1,179.0
3,28,1126.37
15,196,4921.04
14,139,606.13
10,357,2868.8
29,25,917.07
9,339,2666.36
24,10,160.19
25,71,867.38
43,55,329.68
2,237,1602.13
6,37,663.81
147,29,187.92000000000002
10,278,1158.3
25,52,718.08
274,10,268.58
374,71,313.49
1,501,2005.06
47,45,380.02
8,147,2702.4900000000002
16,202,9585.91
4,194,6065.69
4,17,1164.55
43,54,1314.45
4,60,3902.28
197,89,1448.21
12,59,1400.34
16,26,1099.98
113,69,1220.26
249,18,328.2
29,89,1415.75
44,5,389.64
87,30,563.15
45,41,638.05
10,235,5010.28
15,38,738.96
75,19,420.5
145,71,1484.06
5,102,1625.97
297,5,89.2
59,11,255.9
264,21,300.52
47,6,278.3
29,39,254.11
8,135,2473.37
17,5,192.60000000000002
3,1090,10674.75
232,52,876.42
112,9,139.26
58,60,1011.9
51,117,2538.3
127,35,730.86
281,41,386.15
55,27,447.68
320,6,200.10000000000002
26,15,289.99
10,3,77.4
7,30,679.4399999999999
29,6,197.64
17,46,745.06
64,2,6.2
21,14,228.99
3,80,1319.91
166,6,131.45000000000002
1,1141,8022.49
53,12,173.74
51,13,157.7
48,385,4339.74
61,59,193.14
162,44,845.55
9,12,353.27
15,47,554.65
75,11,193.39000000000001
40,235,2741.17
41,255,2087.88
370,30,155.43
37,53,778.5
197,4,271.85
200,63,1110.34
74,48,657.8
64,13,272.07
21,29,507.29
367,2,48.800000000000004
180,70,321.43
10,29,1127.71
4,121,2226.91
197,17,2139.76
29,42,697.55
53,40,197.13
18,67,1720.3
10,6,102.44999999999999
90,108,1649.5
268,4,62.85
53,138,3295.76
44,145,2824.69
64,130,3189.81
149,13,309.4
22,388,7930.54
312,21,325.75
23,28,511.35
58,143,2836.69
24,9,475.8
78,127,2759.83
119,20,645.65
36,66,1311.3799999999999
60,60,1173.12
13,58,1353.74
19,11,170.32
52,6,125.79
26,48,841.1999999999999
29,11,266.76
7,4,52.2
11,99,14389.9
186,36,710.28
3,144,2953.59
9,71,725.7
262,13,327.25
3,98,522.38
210,28,519.68
108,47,1465.3200000000002
13,124,1485.54
77,47,706.19
20,17,255.4
27,11,589.7
19,53,761.59
132,15,765.3199999999999
253,18,364.8
79,6,1862.0
207,20,369.2
336,10,135.9
254,7,125.65
148,33,554.38
10,73,1237.8500000000001
85,23,655.75
8,498,11138.710000000001
205,43,468.77000000000004
8,55,1366.38
23,116,1303.52
11,96,1421.29
26,20,332.66
21,355,2810.63
2,69,1025.44
158,17,616.15
3,165,3501.1
74,9,277.8
3,30,434.35
1,5677,143825.06
17,27,867.85
36,87,1227.43
91,12,307.48
71,77,1268.98
116,45,1610.15
213,57,977.77
30,78,1316.07
51,44,749.1
246,10,310.05
32,11,223.88
109,128,2372.86
5,41,1257.68
366,17,363.53
82,87,1890.94
297,10,1784.71
34,364,8137.02
57,34,1621.88
30,170,5900.25
14,3,100.9
72,14,290.82
23,63,1101.97
19,19,371.2
79,20,311.69
60,138,8099.49
25,55,289.82
12,85,336.17
253,12,58.49
147,42,499.68
64,59,695.42
8,27,221.27
11,312,7044.68
271,5,126.7
10,198,1487.8
247,13,206.21
96,83,599.0
15,38,191.32
50,6,463.8
30,37,147.59
68,34,1592.06
35,160,1116.57
128,18,114.77
107,32,1314.45
37,21,114.39
57,11,279.94
57,72,790.86
72,216,1931.42
246,8,102.12
19,41,213.27
198,87,296.75
16,4,326.4
212,40,334.54
39,61,233.23000000000002
46,26,546.1999999999999
170,75,429.87
48,77,490.52
116,115,1641.76
147,158,1246.32
16,1119,6316.57
51,144,502.09
159,12,156.91
12,182,1261.78
36,20,308.94
54,128,423.04
43,35,260.17
173,20,170.04
34,20,125.58
39,31,496.21000000000004
267,70,266.0
9,472,1914.82
12,135,905.04
3,562,6802.76
10,155,1661.33
33,72,377.01
80,61,469.0
31,35,1066.1499999999999
8,48,627.13
72,7,518.28
4,111,668.14
256,52,4959.1
5,510,2586.67
16,394,4308.61
90,27,252.73000000000002
72,127,465.55
59,130,705.49
10,1502,19914.44
170,67,180.35
199,5,135.93
31,3,537.0
19,453,7700.2300000000005
152,12,735.66
9,206,5213.7699999999995
270,22,343.62
65,97,384.05
274,3,121.17000000000002
25,78,1782.09
23,143,1391.61
319,30,215.78
5,71,697.79
12,114,302.1
275,25,1489.5
25,276,2124.9900000000002
41,237,1337.72
8,121,303.09
4,403,54534.14
71,57,987.86
213,5,370.79999999999995
38,155,3158.13
53,42,893.59
78,82,1744.76
46,104,553.36
179,70,1109.53
373,1,106.2
94,26,982.07
10,54,1043.41
105,42,748.87
78,27,773.03
173,49,880.85
7,440,9743.11
213,47,895.61
22,33,504.8
257,5,88.2
282,15,306.94
21,57,1160.07
10,145,2420.84
308,23,381.32
68,30,480.71
215,26,457.81
18,108,4597.02
104,47,1370.6
43,11,219.39000000000001
4,25,248.08
182,3,39916.5
84,23,410.48
334,3,876.0
9,8,317.53
31,35,703.36
197,69,1027.44
18,101,2298.93
18,100,1422.52
311,17,319.5
142,60,1300.25
246,28,484.95
24,35,996.1
29,84,1567.48
10,100,3609.33
30,197,2760.56
18,21,340.11
18,45,1352.75
15,79,1551.78
134,1,244.8
246,14,266.4
134,21,358.82
50,28,457.72
114,82,1633.78
7,106,2199.31
23,15,184.19
25,127,11528.48
66,16,406.53
60,102,1471.0
50,84,3447.4
170,22,330.11
18,52,977.9300000000001
128,29,982.42
15,73,1387.99
239,9,139.05
3,68,1286.7
240,13,178.96
52,80,2354.25
46,26,498.74
226,14,259.45
8,217,6580.44
4,67,1194.73
165,91,1327.16
240,28,623.5
11,20,301.29
134,23,520.8000000000001
17,343,5314.47
10,271,4745.69
31,22,329.25
75,85,296.42
1,55,961.49
4,125,1936.07
45,7,401.40000000000003
2,710,18641.010000000002
357,4,158.16
18,29,304.47
69,103,843.05
373,27,487.75
321,41,163.0
26,5,106.56
331,5,1289.5
9,110,1624.05
323,11,135.75
72,23,224.14
260,3,40.5
18,93,2206.95
367,6,87.5
66,16,689.4799999999999
154,29,622.85
29,63,406.76
70,21,310.62
14,19,411.41
2,91,4777.18
1,212,16225.39
120,51,1044.32
61,19,499.32
3,310,7616.53
3,1,3861.0
11,32,1079.6100000000001
92,10,193.64
59,13,1268.7
87,69,1236.54
26,142,1827.8
357,9,316.58
85,37,653.24
10,9,420.29999999999995
1,42,870.12
225,20,331.18
60,52,894.4100000000001
241,5,101.8
319,24,328.35
2,110,1661.44
47,35,734.94
88,2,96.6
11,166,5756.89
176,9,305.75
52,117,1778.96
366,5,403.25
319,5,585.0
226,20,755.75
358,14,322.08
234,23,409.40000000000003
311,8,154.41
37,58,1219.4
66,125,3386.71
239,23,429.6
113,31,612.06
277,14,197.0
218,143,2247.51
299,15,321.05
2,99,1412.32
29,50,1071.99
10,49,780.59
45,78,1706.57
67,110,1756.44
74,22,316.68
65,34,631.57
134,89,2515.84
238,33,514.15
122,6,356.0
32,350,6688.46
9,111,10484.99
36,44,740.78
16,53,918.1999999999999
127,18,300.36
67,47,890.85
149,6,98.45
283,7,317.15
169,34,623.16
100,77,1810.77
135,19,254.82
324,10,178.95000000000002
107,12,156.51
64,23,393.74
151,82,1506.1200000000001
338,6,119.3
22,11,1717.36
24,2,408.8
16,41,2379.49
7,274,2507.07
57,63,721.94
4,47,716.57
38,41,615.14
66,52,135.31
47,12,255.89999999999998
355,19,290.51
172,16,113.12
59,139,2332.15
50,3,240.55
22,20,486.69
43,88,2306.52
29,58,939.78
5,204,7943.22
26,103,4668.3
201,25,180.94
51,194,3672.86
10,39,641.94
2,192,4799.9
67,7,4507.01
64,28,496.44
51,243,5070.35
290,31,574.02
61,23,694.4000000000001
64,58,1174.35
96,12,205.3
274,19,310.47
1,2379,60767.9
75,47,924.85
110,1,52.0
199,24,327.97
64,37,570.5
327,1,165.0
4,33,312.62
284,16,204.5
44,36,267.13
71,95,2748.31
86,42,679.68
104,49,162.29
334,29,311.71
53,10,208.75
39,57,1049.7
32,13,714.96
366,35,1661.06
208,16,1028.56
157,99,351.67
54,36,173.97
66,86,574.07
81,17,2020.52
130,24,406.09
87,21,364.5
1,26,563.94
46,20,393.54
333,17,252.42000000000002
366,5,201.60000000000002
72,9,158.04
158,72,473.81
373,5,115.65
12,225,1960.1100000000001
255,63,777.02
29,14,277.05
31,519,2766.5
5,551,8347.2
40,13,427.93
362,7,418.92
373,16,326.0
96,29,913.19
26,114,2314.32
75,44,602.51
57,95,1877.59
21,4,446.94000000000005
41,94,2386.05
137,27,2007.3999999999999
8,132,2415.91
129,3,168.0
40,117,1233.3600000000001
169,194,3703.29
9,36,1690.2600000000002
214,8,596.85
15,302,5955.71
170,41,642.41
40,12,316.88
186,31,394.14
270,10,140.54
172,1,500.0
5,84,1535.53
16,12,231.86
10,85,2183.54
326,7,107.45
113,14,288.18
290,6,94.0
16,73,1345.53
1,50,815.77
92,12,716.2
149,42,626.77
189,8,349.1
31,53,510.71000000000004
34,153,1056.44
264,34,267.18
84,122,3450.84
26,99,1358.88
171,10,190.53
10,39,774.9000000000001
313,48,572.8100000000001
65,192,3984.32
85,28,508.8
25,8,135.86
59,53,950.36
323,6,97.7
38,2,43.5
254,17,383.34
19,292,1447.39
33,306,1483.14
15,6,93.78
27,82,397.35
23,10,171.19
214,41,533.3
8,55,1041.48
22,29,149.29
12,329,1122.53
262,45,200.16
131,25,156.57999999999998
55,62,383.68
249,2,594.0
2,382,3236.91
9,219,1418.26
264,5,113.5
331,9,155.17
313,28,494.64
26,60,974.52
30,30,429.84
30,58,538.73
2,286,1388.37
362,25,179.1
283,60,447.22
262,58,237.07
25,7,161.64
354,58,216.76
94,11,234.6
29,7,126.14
338,157,1048.85
20,97,7354.62
85,57,334.53
9,52,524.88
51,24,467.51
50,24,538.55
2,77,469.48
113,76,371.56
14,11,1771.2
77,29,454.10999999999996
40,46,1441.42
116,45,905.5
16,98,11054.96
161,88,233.81
1,188,3594.31
30,86,2575.0
93,2,91.32000000000001
23,50,1134.28
95,154,3100.09
28,35,659.4599999999999
33,297,2001.8
21,125,1299.23
18,15,1262.2
3,512,13316.4
8,68,1131.56
16,213,10384.93
363,70,147.09
81,13,52.83
53,97,3610.96
23,164,979.26
172,46,492.36
189,92,1000.27
331,1,250.0
12,160,909.23
156,7,121.0
33,308,14758.220000000001
12,178,4139.46
45,15,62.43
233,27,267.03
64,214,1942.45
2,18,343.5
40,185,3000.2
33,57,398.84
84,10,412.01000000000005
25,1,440.0
2,178,825.92
33,4,148.44
19,163,2429.78
254,26,229.33
23,672,3995.23
22,108,1502.35
8,228,2007.44
25,256,1580.93
19,83,807.57
173,75,536.4
163,24,110.92
7,41,538.46
11,15,213.3
114,29,85.13000000000001
288,28,127.86
9,259,3546.71
54,81,292.71999999999997
7,702,4954.84
77,115,1693.26
4,61,575.63
37,29,436.06
217,17,90.12
60,56,437.23
278,14,217.2
12,899,4805.17
24,31,279.77
29,20,473.65000000000003
12,27,800.59
352,1,134.55
22,113,1400.44
50,8,173.16
19,7,186.01
3,53,758.29
104,31,1375.71
7,323,4165.52
12,57,650.4300000000001
5,215,2552.86
32,104,607.45
178,168,702.25
38,45,940.6700000000001
151,39,258.88
162,13,127.1
69,51,348.6
121,150,3679.9700000000003
25,44,682.9100000000001
24,123,725.11
177,31,455.3
50,9,913.6800000000001
256,29,478.53000000000003
47,24,388.58
71,5,199.8
16,103,1771.78
101,77,1406.59
35,22,324.57
53,14,240.68
27,52,761.74
11,410,6776.56
8,47,1297.8700000000001
79,2,48.480000000000004
52,17,216.39
36,67,1198.23
61,77,2920.16
337,13,104.76
28,60,1093.68
184,16,298.48
52,6,112.46000000000001
10,43,1591.45
36,6,195.15
10,423,10399.74
33,45,776.851
11,3,336.40000000000003
57,100,1553.18
4,16,1293.03
43,185,3709.56
141,19,301.03
117,34,588.13
104,64,1534.26
75,49,675.8
5,155,2870.2400000000002
45,60,1186.35
16,167,3285.31
17,15,243.55
90,25,724.76
53,15,223.36
134,25,425.32
4,484,12515.66
105,119,1887.2
192,33,664.0
166,238,813.0
19,52,612.01
158,35,447.64000000000004
204,25,657.35
336,2,816.0
37,32,646.3
91,21,337.74
93,6,877.4399999999999
9,21,922.53
243,34,560.67
45,47,748.5
23,1,30.0
190,48,1024.1000000000001
44,11,306.45
25,90,1600.86
317,5,309.8
106,9,138.14
51,17,386.43
168,116,2242.01
40,13,301.32
218,1,76.32000000000001
40,33,684.34
297,12,173.05
19,78,2657.13
88,155,2881.02
73,114,2446.6
81,21,323.69
19,202,3435.76
49,33,657.23
53,12,352.7
24,110,781.28
9,78,1333.68
25,53,1426.16
117,10,193.75
9,166,2993.1
120,9,254.1
4,19,239.76
252,2,136.8
28,12,191.04
1,78,6479.4
267,22,409.98
33,171,2736.46
18,18,309.65
172,86,696.68
2,237,1542.14
265,5,211.5
140,117,2293.62
201,6,143.1
64,55,1060.56
35,214,945.58
41,288,3364.2400000000002
284,6,133.25
9,53,1072.3600000000001
143,19,356.7
12,35,330.88
146,118,1118.81
234,7,150.3
33,937,5045.61
24,128,598.73
12,91,507.08
36,69,2222.56
365,41,203.1
201,11,218.25
15,32,415.25
17,302,5178.96
213,5,85.0
66,70,1120.88
212,14,294.12
283,10,162.3
115,26,1339.45
15,72,1205.1200000000001
19,173,4812.42
66,8,449.12
49,9,154.88
16,88,784.46
78,3,34.8
19,62,1094.59
134,28,196.88
13,93,974.04
40,21,149.31
235,10,44534.3
3,293,2465.48
40,411,2637.38
305,1,79.2
51,28,458.57
10,141,2364.25
61,192,532.96
66,45,714.42
25,9,205.25
218,7,253.04
65,37,583.75
32,61,1086.92
88,180,3279.97
64,11,315.06
116,27,621.8299999999999
7,130,56252.72
6,10,635.6800000000001
69,25,270.8
245,7,104.9
133,18,241.62
241,21,1047.11
184,29,475.28000000000003
25,20,345.46
10,43,2614.7400000000002
11,14,246.3
33,83,2328.9700000000003
46,267,4932.2
26,206,948.05
358,25,351.3
10,35,220.85
44,75,1612.69
15,12,965.61
150,42,610.01
1,133,2711.56
113,8,2207.4
76,98,884.14
107,119,699.08
46,64,1063.95
143,1,451.42
51,8,415.82000000000005
1,263,4206.39
23,301,5528.4800000000005
46,31,784.58
50,48,903.9
306,208,3734.9700000000003
36,35,515.77
79,89,1391.98
22,133,2218.62
107,41,1801.14
208,40,1303.9099999999999
17,72,1945.33
64,49,2100.6
49,123,1905.45
320,17,206.98
44,62,570.96
3,33,885.47
372,1,15.0
172,20,532.94
56,68,1654.31
73,115,1836.0900000000001
99,51,636.14
38,39,576.0
58,68,801.76
254,54,836.79
70,273,2233.75
44,50,954.09
50,10,137.37
65,24,391.98
11,167,33643.08
33,62,1048.49
59,27,355.56
73,47,1224.06
304,8,118.95000000000002
46,11,130.73999999999998
18,138,3711.77
38,22,389.27
19,97,238.85
187,22,160.71
52,30,110.8
4,140,2974.65
137,80,712.24
4,645,16387.57
19,14,297.0
16,191,1438.85
41,142,977.21
12,546,3165.36
8,147,832.88
26,18,68.84
22,20,1936.3200000000002
41,40,895.13
101,45,230.53
5,461,3812.64
277,15,149.64
33,76,354.09000000000003
15,128,360.93
64,120,4405.88
2,129,493.28
369,105,343.28000000000003
312,29,501.39000000000004
199,23,516.36
2,49,396.48
93,18,379.35
60,12,181.09
81,12,168.31
157,93,446.87
227,62,524.52
253,41,263.55
150,11,179.17
194,24,222.05
1,86,1388.88
369,4,56.25
24,51,351.11
17,116,363.88
10,74,5126.76
8,30,164.68
20,150,1567.69
4,249,967.45
174,7,191.94
1,267,1232.18
178,19,264.62
16,155,1528.09
248,12,123.1
191,40,334.23
20,143,639.89
154,60,167.5
173,25,336.03000000000003
373,11,369.5
373,21,127.08
194,12,207.15
67,21,426.63
4,115,2495.87
21,74,1107.46
239,12,416.86
64,7,145.35
112,18,404.58
90,76,6115.01
311,1,35.8
134,14,337.44
277,6,325.1
365,2,181.0
83,29,1708.24
8,60,955.24
17,19,364.72
32,98,1765.51
9,41,708.22
34,91,806.57
15,98,1659.3799999999999
24,183,4416.26
32,42,428.89
74,7,104.35
20,28,470.76
17,122,845.64
23,84,418.83
3,20,666.1
304,11,314.1
18,35,4199.85
367,4,307.82000000000005
39,176,3442.15
84,24,371.01
165,98,430.94
17,65,1054.73
77,49,1098.78
89,43,2398.86
25,97,3408.48
22,113,1475.02
3,270,2837.67
123,37,1142.42
30,14,168.12
12,140,1451.28
19,27,158.03
44,52,792.11
4,3,41.989999999999995
9,552,2797.57
55,35,427.07
88,130,1060.68
37,506,3089.97
3,9,12393.7
30,103,2735.37
12,218,615.39
211,8,101.4
48,385,1701.94
24,33,478.78
22,90,992.71
246,86,407.5
8,212,3362.71
35,94,1415.29
4,139,37130.6
38,145,662.38
4,182,705.39
3,235,1508.76
47,32,211.88
39,28,408.90000000000003
47,160,3786.2400000000002
17,46,851.01
260,76,628.28
46,101,719.81
12,64,251.24
30,28,439.65999999999997
43,32,236.09
92,16,934.62
39,242,81024.84
310,29,331.24
92,100,548.94
6,1137,8816.4
196,22,437.7
87,55,758.92
270,39,855.02
8,26,471.78000000000003
65,65,1313.55
31,6,3166.4
22,71,1197.27
38,39,773.99
120,83,1340.7
373,8,256.44
40,312,1111.79
174,10,137.9
54,34,362.06
33,84,1511.95
145,70,783.9
221,8,134.8
45,68,664.85
16,121,2263.12
66,180,1459.8600000000001
10,64,1153.62
260,23,335.32
365,74,372.09
17,102,1521.87
22,33,852.15
45,21,326.24
288,23,584.3199999999999
297,1,122.39999999999999
3,129,2234.73
284,1,79.2
17,21,1352.0
82,10,217.16
56,227,2806.9
101,31,1317.62
299,38,436.18
23,167,981.51
59,39,1121.39
155,18,315.06
115,51,817.86
107,1,17.0
12,63,1078.23
264,12,320.62
240,10,185.04999999999998
88,67,2005.63
50,39,731.9
71,76,1290.7
42,57,1842.14
7,48,1429.64
62,29,302.36
249,13,336.96
66,6,108.38
18,31,3204.1600000000003
85,48,842.5
219,18,611.88
45,354,1337.48
143,16,195.73999999999998
183,30,161.38
171,8,135.75000000000003
10,284,1667.97
212,34,612.78
190,30,232.21
8,16,423.36
59,30,1309.14
57,212,867.11
73,38,684.4200000000001
52,16,307.78
317,11,249.0
367,13,289.35
29,117,6287.77
39,40,656.25
18,89,1880.22
52,78,3506.54
4,339,14589.04
22,35,618.09
263,21,517.55
60,37,709.38
19,31,635.41
66,35,725.18
88,30,620.4
250,37,535.34
3,117,2424.94
247,1,175.2
9,224,3799.4900000000002
157,29,734.13
134,22,375.0
296,1,76.32000000000001
5,18,280.52
43,117,2053.02
269,29,1829.04
50,89,1824.23
9,130,3122.04
16,18,656.69
282,14,348.2
65,20,1025.44
2,474,5575.56
252,2,37.4
232,6,856.6
17,34,822.48
11,98,3787.6
8,85,1822.97
51,125,1885.05
59,3,73.2
95,69,1140.21
16,84,1418.32
126,23,1009.5500000000001
94,58,1037.59
50,15,331.95
138,8,197.9
61,11,215.83
100,162,10254.18
73,11,305.54
72,28,6617.65
67,15,338.71000000000004
64,45,1158.79
17,31,529.41
23,218,4006.94
32,295,6911.4400000000005
45,67,981.86
16,11,215.48
40,6,215.08
3,134,5180.52
237,19,314.45
75,15,400.68100000000004
4,179,1080.6200000000001
3,111,1863.47
361,18,365.27
59,35,592.9
23,57,405.71
31,98,761.38
55,63,537.0600000000001
25,19,394.38
45,66,664.26
89,46,2262.62
2,123,21086.3
89,23,547.02
19,41,690.34
79,6,159.0
171,44,1062.75
81,14,242.35
267,37,914.9300000000001
235,15,304.25
30,84,3084.68
37,97,864.86
318,137,846.72
57,96,1295.3
45,134,1096.32
203,8,255.12
225,6,314.22
87,47,1010.6
190,35,542.03
44,37,990.88
71,22,536.6800000000001
41,46,867.31
78,20,432.2
57,19,414.2
24,135,3718.8
10,662,2607.87
8,294,3603.21
34,51,409.1
212,91,1522.75
24,90,1413.66
170,16,114.56
62,7,152.94
53,69,1800.07
261,24,389.44
67,123,3683.86
17,270,2619.91
267,13,752.4300000000001
177,2,46.95
45,135,5203.51
51,18,1035.45
17,124,746.83
9,258,5447.0
74,61,861.89
71,45,667.65
353,54,1141.24
3,133,1429.24
117,25,411.7
373,67,357.95
197,33,559.87
177,6,810.6000000000001
100,23,566.38
21,107,1509.58
72,17,2062.06
340,11,168.3
6,166,1570.81
31,109,823.97
170,8,142.5
122,17,302.25
22,118,2248.9900000000002
10,79,1328.55
269,20,301.9
23,27,598.2
127,11,233.22
26,162,5360.63
139,22,361.21999999999997
214,41,632.27
38,4,2560.0
106,42,706.57
18,37,616.26
3,16,274.15000000000003
331,14,226.37
64,151,2938.91
120,69,1341.65
35,19,328.15
218,3,404.40000000000003
172,56,1038.46
72,12,373.65000000000003
1,37,326.75
196,1,207.50000000000003
128,118,428.68
47,18,594.24
6,319,3110.96
14,319,3844.22
18,39,251.91
28,153,1593.2
8,45,26626.8
37,10,151.05
157,11,214.79999999999998
284,20,109.95
107,153,549.07
25,77,1971.87
75,15,322.41
16,47,370.47999999999996
158,2,101.10000000000001
44,38,575.41
11,92,887.65
32,235,1469.45
291,9,53.5
21,57,1116.47
333,8,153.9
18,28,494.44
4,94,6675.71
63,39,395.8
198,31,211.77
33,34,658.88
1,109,2027.5
7,66,1750.92
5,662,3512.53
10,106,896.66
32,81,734.77
53,5,109.36000000000001
12,53,707.04
18,51,1540.42
19,18,327.3
37,130,804.49
2,76,497.43
18,118,1553.66
82,228,1320.56
33,97,367.93
66,111,473.03000000000003
9,125,987.01
267,5,676.2
247,23,362.95
4,108,2157.4
61,32,1780.59
75,102,668.36
90,33,584.5
60,59,555.89
29,88,317.2
323,4,94.36
53,34,1382.07
270,45,221.19
2,330,3046.21
57,83,1555.34
61,210,1486.9
154,82,1705.8
19,73,408.57
95,29,303.93
1,186,4098.32
265,60,299.6
312,10,177.5
70,23,443.05
302,5,167.25
19,63,163.07
13,172,2126.93
36,232,2028.88
19,45,214.65
54,35,151.83
57,31,262.2
22,7,126.25
44,54,210.35
27,71,1051.4
45,102,675.27
113,51,972.23
17,369,34684.4
25,18,346.12
191,5,133.56
302,21,302.7
2,372,1908.25
263,9,241.06
106,2,284.55
57,6,300.85
213,83,642.81
64,8,287.4
28,17,184.26
29,109,1522.25
6,132,798.35
8,282,3640.67
67,24,381.2
2,174,616.79
46,84,654.67
34,63,230.51
1,3,168472.5
136,36,259.01
198,20,188.89000000000001
198,40,707.69
150,11,311.92
88,14,266.97
45,2,6.9
64,99,1841.18
99,111,2158.37
218,9,208.36
3,202,3482.7400000000002
28,135,814.72
178,33,151.42
74,3,136.0
21,82,1422.4
20,236,1314.68
34,148,1603.46
74,2,74.9
24,182,650.43
52,170,762.39
275,13,223.95000000000002
165,18,316.11
7,360,1871.5
88,28,544.3
64,146,2494.46
25,17,331.0
10,35,300.83
76,53,769.29
16,18,220.62
192,19,139.35
174,25,404.3
77,42,363.65
33,29,498.8
47,39,731.5
80,56,1351.63
297,50,826.53
3,97,684.41
9,95,1599.52
50,136,2965.69
161,15,100.97
360,19,365.45
5,11,400.86
107,84,1431.93
25,86,484.38
32,4,777.6
20,3,90.30000000000001
297,13,363.7
372,13,248.1
22,169,950.26
5,35,874.59
52,113,1627.13
30,6,101.69999999999999
277,17,162.7
61,40,484.32
25,13,215.07999999999998
186,156,1046.57
2,290,9418.470000000001
2,183,13027.45
172,15,290.36
81,14,228.06
4,17,244.41
190,30,455.25
22,77,1244.59
18,4,6748.8
19,177,1095.56
5,31,593.75
110,55,548.97
3,45,1388.81
54,5,119.62
165,3,339.3
291,25,787.15
10,981,4154.64
109,251,2298.97
96,32,922.12
243,17,379.73
163,84,5719.82
42,52,837.1
35,17,285.89
67,207,3313.79
24,11,281.85
1,460,8338.49
27,57,841.41
6,31,511.12
54,19,1077.74
364,3,173.7
15,18,614.66
194,35,865.6
3,5,124.2
15,126,3738.4
27,87,1421.69
127,57,1009.6
85,42,663.61
71,28,451.44
183,9,105.84
113,6,313.62
374,14,233.45
80,28,936.08
249,8,463.95
232,13,225.15
71,33,459.24
69,10,213.5
4,216,4113.68
51,27,330.03
75,53,181.09
61,85,360.16
16,12,250.15
4,7,90.04
286,10,145.04999999999998
4,62,813.52
41,31,244.79999999999998
36,29,528.08
75,34,482.47
18,172,3347.71
15,276,5493.46
219,6,75.66
186,10,129.49
33,66,1187.66
70,30,618.59
183,26,506.19
15,33,500.42
236,5,151.85
31,96,2647.59
264,14,226.21
4,9,178.96
52,29,813.48
246,5,129.45
81,48,810.5699999999999
275,23,333.08
1,179,4413.1
79,20,322.8
30,117,2188.05
74,64,417.73
17,152,2883.1
223,9,217.9
32,69,1154.47
23,94,1680.72
31,50,1257.51
106,12,231.10000000000002
5,34,688.33
246,27,487.51
178,62,833.78
170,14,214.06
43,19,290.65999999999997
72,24,518.42
59,118,6773.97
16,69,1212.66
141,29,601.27
18,261,3794.52
22,73,8625.8
10,208,933.62
368,8,123.24
189,2,39.12
16,16,1267.6499999999999
362,9,135.39999999999998
19,32,118.98
68,53,570.13
15,20,306.71999999999997
24,160,1374.8700000000001
17,252,4095.9
28,6,1692.27
2,114,8134.9400000000005
55,98,319.61
34,89,1592.1200000000001
3,163,3109.99
366,3,129.75
43,10,183.7
73,44,1770.34
5,30,1028.0
4,277,66653.56
61,62,324.24
47,585,3062.83
1,62,1260.86
76,13,422.59999999999997
72,12,225.57999999999998
256,3,1276.0
69,60,482.01
135,10,657.9000000000001
241,21,112.75
227,5,1998.0
9,308,5076.55
9,144,5398.3
1,270,14034.99
37,123,531.35
46,27,656.63
85,79,3029.87
19,402,2483.04
3,22,1651.03
9,447,3645.43
19,624,6923.13
219,93,1161.53
78,19,301.71999999999997
267,2,901.2
24,199,3858.38
369,45,623.75
15,201,1790.42
26,27,155.24
262,37,292.47
17,225,4730.81
91,43,589.15
302,151,781.02
26,185,1382.02
364,46,272.82
46,269,1054.67
38,660,7239.92
52,82,743.11
32,28,603.75
52,53,650.51
79,125,2300.56
53,1,417.59999999999997
298,1,3.75
177,13,323.0
47,1,464.9
29,191,2238.09
11,242,1304.76
87,357,7194.3
5,449,6697.66
38,42,836.06
18,69,1515.9
45,95,623.93
31,25,1764.72
373,9,207.5
58,34,223.92000000000002
372,2,2002.4
114,170,1496.83
215,13,239.4
319,7,106.83000000000001
65,22,369.34000000000003
8,42,789.79
97,13,316.62
20,89,1501.38
199,23,611.85
4,706,2799.25
294,1,34.0
273,34,1145.6
31,222,5580.6
48,54,478.09000000000003
260,40,380.39
58,145,770.1
33,255,2246.81
57,26,171.59
68,48,661.52
10,158,1695.66
60,76,388.28
80,50,226.35
74,16,245.94
2,333,10629.720000000001
100,60,425.19
372,17,311.25
10,190,2279.9
20,3,107.6
123,155,597.48
8,5,80.8
4,93,1545.6200000000001
29,320,1721.78
282,12,110.38000000000001
57,16,243.84
1,285,1222.71
365,66,414.88
89,18,305.62
11,164,1201.49
163,76,1619.73
65,24,332.3
23,60,536.99
174,98,460.59
103,103,801.49
143,67,1121.59
99,23,288.42
23,149,914.69
192,15,309.54
5,28,547.07
361,15,479.35
8,449,1692.98
14,324,6509.1
103,28,417.06
3,86,1604.75
11,189,3349.57
96,26,497.61
227,38,358.38
16,26,460.64
39,28,775.1800000000001
51,22,341.7
93,8,128.5
157,11,197.22
39,23,325.91
184,12,199.15
1,47,1106.53
228,24,413.46
128,10,180.85
40,11,251.87
31,165,3170.98
197,25,588.85
9,266,16594.35
37,116,1869.82
101,63,1264.19
43,378,10196.57
50,11,214.32
43,12,193.44
53,14,281.42
187,8,124.57
334,19,332.41
4,20,342.45
10,9,144.91000000000003
24,19,328.4
15,2,35.400000000000006
369,10,375.69000000000005
145,52,747.81
60,6,173.76
31,26,502.8
141,11,207.73999999999998
23,128,825.42
22,137,2812.34
77,7,680.02
5,279,7123.62
67,112,2095.53
12,159,853.72
84,3,13.3
31,178,1519.08
67,1,432.0
67,39,705.12
187,38,276.73
38,26,429.84000000000003
15,101,471.51
35,37,194.88
195,135,1578.67
2,203,809.7
1,99,525.54
367,45,145.93
65,69,219.14
299,37,289.78
26,162,508.81
8,125,1281.56
17,79,887.11
116,44,1706.88
29,60,373.24
4,710,3754.27
5,208,3102.43
82,93,579.77
29,151,981.65
72,18,379.14
4,547,1510.06
29,101,2575.38
290,8,113.44
36,38,208.46
9,57,621.6800000000001
24,143,576.26
277,9,391.52
50,128,1068.82
156,327,2596.45
61,60,169.79
12,672,7247.61
21,83,846.75
371,14,230.25
116,6,543.05
80,209,2847.6
4,77,1295.39
26,54,380.55
5,898,4604.22
53,53,161.94
1,44,563.23
55,62,950.9300000000001
26,57,262.68
9,241,2736.38
52,305,3049.88
13,281,1920.59
212,33,816.73
22,249,4345.5
236,21,406.48
139,19,435.02
4,60,1286.27
57,42,1178.56
135,86,1277.75
109,16,167.61
30,1,20.8
1,54,2085.08
185,25,518.67
18,16,308.74
239,16,416.64
87,7,117.35000000000001
39,101,507.05
116,14,234.17
187,7,110.55000000000001
227,26,201.19
8,28,2154.97
189,21,319.02
4,31,439.43
39,42,650.41
38,41,357.21
267,2,251.51999999999998
78,39,344.33
4,89,1852.0
255,87,1078.96
61,22,384.06
13,148,1931.25
88,407,4481.35
17,120,5464.12
30,3,1873.2
3,129,1625.05
5,7,126.12
7,12,1133.25
219,1,179.0
11,93,1614.31
30,37,1456.96
288,12,702.0
150,4,295.0
23,23,484.82
1,169,3989.57
86,49,1493.73
46,44,1412.94
5,44,781.78
51,52,889.9300000000001
18,11,195.36
30,15,270.9
8,74,586.33
29,217,1842.56
3,252,8694.26
41,16,920.1
11,234,1272.61
31,7,71.0
45,3,95.85
61,9,357.77
185,4,154.82999999999998
79,153,890.29
111,2,716.0
64,11,146.87
12,22,380.35
86,28,1030.14
16,30,745.52
246,28,433.53000000000003
88,75,1267.32
30,22,112.4
138,15,449.73
27,70,1081.57
3,98,1044.3799999999999
32,102,1735.18
25,6,948.48
113,22,339.44
157,22,642.02
85,65,1100.9
118,43,925.35
3,318,5659.9800000000005
96,316,3228.84
194,43,247.14000000000001
28,92,413.75
131,13,498.48
28,83,1356.33
82,62,1179.89
30,516,3095.04
266,5,234.24
74,99,5232.2300000000005
314,70,538.37
21,78,1461.14
59,62,859.35
12,296,4552.14
28,143,2709.7000000000003
114,64,312.14
28,140,2429.03
18,174,1446.09
18,77,834.12
36,25,841.0799999999999
36,28,378.2
78,2,118.80000000000001
22,8,287.62
25,64,290.16
33,81,2003.85
109,52,1405.78
35,162,2949.75
123,187,1566.65
7,96,2050.08
28,115,1991.01
4,63,2043.95
3,195,3827.76
50,125,1777.78
322,14,302.0
23,74,1324.16
15,48,1022.13
2,211,954.42
18,65,971.74
10,42,1621.73
262,1,25.5
159,90,665.78
33,418,10815.43
29,117,885.04
165,12,163.29999999999998
47,30,248.61
6,127,808.62
8,39,837.5
288,9,116.19999999999999
318,10,157.02
3,35,606.91
233,18,307.46
119,7,138.32
162,9,345.29999999999995
185,32,298.89
50,40,259.35
152,260,1004.75
335,14,157.09
5,134,2463.17
16,27,4892.240000000001
107,24,425.0
16,52,1139.73
276,24,380.5
16,478,10668.47
247,20,465.32
239,15,579.0
1,48,984.57
106,35,749.78
23,81,1714.59
52,9,124.88
195,14,1689.5
24,14,213.78
75,23,329.34
18,20,251.70000000000002
8,13,319.0
32,67,1266.97
22,101,1538.88
31,229,3518.03
29,104,1715.46
22,5,293.1
33,144,2467.35
284,10,158.68
39,12,206.34
58,54,835.78
289,16,224.91
79,15,317.76
5,86,3766.6
218,4,59.9
44,63,1443.69
202,15,306.13
178,80,711.79
56,128,796.03
57,23,239.92000000000002
8,73,3347.31
47,2,144.0
227,10,203.95
11,84,2474.23
106,61,384.40000000000003
59,19,444.74
28,237,2095.13
36,32,1699.3000000000002
274,29,262.62
30,29,1013.01
24,96,692.22
54,40,342.63
36,152,3563.85
175,57,1564.56
54,13,384.08
53,7,204.24
27,211,2317.2200000000003
253,4,226.85
40,157,2781.23
60,103,1069.1200000000001
234,9,113.5
4,274,1960.72
32,25,114.23
24,472,3198.25
7,63,335.13
65,28,354.15
310,49,426.79
309,21,393.49
19,47,939.32
16,208,1906.09
96,47,318.76
264,69,3638.41
12,541,3174.32
3,36,421.52
35,25,190.88
183,14,149.89000000000001
25,29,550.06
13,105,916.13
11,19,314.69
3,566,3744.65
313,15,382.5
108,40,1135.04
1,400,8676.85
53,31,954.9
205,9,171.45
15,55,282.19
120,69,318.65
4,57,384.52
363,39,283.28000000000003
117,87,353.86
18,18,178.26
5,112,272.44
41,78,298.41
107,16,240.0
148,124,603.37
52,12,1253.3600000000001
208,23,63.440000000000005
139,127,562.9
2,80,310.64
127,38,317.62
108,6,763.64
42,114,2148.63
35,27,111.97999999999999
228,69,1065.3500000000001
241,15,246.04
58,9,187.82999999999998
130,94,1703.41
60,292,1652.58
22,45,153.92
26,124,1064.11
9,142,1419.73
32,111,944.41
4,102,525.24
308,1,550.8000000000001
8,135,1875.1100000000001
29,69,556.95
17,51,131.78
101,30,498.42
12,57,669.11
21,66,197.63
15,79,1135.63
361,53,250.04
11,66,8631.31
95,12,82.75
78,55,1384.85
139,14,644.3
31,24,2328.84
25,131,2527.92
2,473,6292.26
46,9,2600.34
100,73,1200.6200000000001
8,107,700.86
15,200,921.07
18,50,990.23
280,6,96.8
14,33,523.11
23,6,363.9
124,1,175.2
86,28,494.25
302,11,307.02
151,543,2027.8700000000001
17,753,6643.93
94,9,243.36
30,407,12353.29
157,183,781.36
355,17,193.64
46,32,160.57
15,87,537.74
4,500,2676.56
86,1,228.96
15,215,1159.52
179,9,110.75
8,71,1286.07
36,27,587.15
129,8,1740.0
51,16,1393.06
312,19,178.22
24,45,388.14
303,59,365.85
11,15,127.86
17,132,585.79
49,29,488.2
239,35,312.23
1,411,4481.18
13,468,4801.56
238,34,168.4
23,111,1912.67
73,33,446.18
17,87,423.89
41,253,1342.68
40,57,646.92
219,28,495.77
199,69,400.1
71,24,203.2
24,418,4100.92
11,83,404.66
9,109,20275.61
65,2,65.4
4,51,199.29
19,15,336.4
15,47,261.11
8,28,2686.42
20,78,784.11
78,15,1259.56
1,213,31833.68
164,3,508.8
307,62,457.91
219,4,203.86999999999998
39,27,7330.8
22,92,696.41
115,38,653.38
126,213,2129.96
5,59,2633.85
36,33,281.62
4,198,31906.82
1,82,1031.41
333,113,2200.42
163,2,32.65
185,13,771.85
16,64,1214.72
12,41,778.94
3,66,1258.06
44,6,778.0
80,14,507.84
30,269,6893.42
42,30,463.46000000000004
11,206,4226.57
50,30,598.83
16,117,1979.37
46,26,698.41
19,43,759.17
8,271,5037.26
72,2,100.8
1,328,17256.85
128,39,524.9200000000001
33,14,265.76
313,43,403.3
18,48,365.76
88,54,303.15999999999997
2,134,2373.82
2,9,216.29999999999998
254,17,388.45000000000005
157,5,186.42000000000002
37,135,2248.56
220,1,534.24
148,135,2940.04
177,9,120.9
40,36,541.53
2,277,2520.86
8,337,194550.79
1,100,1721.4
18,19,486.71999999999997
192,61,517.53
204,8,131.7
365,17,249.86
127,19,1737.7
15,54,316.5
43,111,657.3
94,29,622.4300000000001
23,111,757.46
60,27,675.69
16,215,1896.41
158,9,289.96000000000004
10,41,763.28
10,5,137.0
16,88,1870.97
45,78,1125.07
191,181,710.29
79,14,194.37
78,29,511.82
4,82,1255.59
65,21,414.04
261,24,396.87
59,29,376.64
1,76,2092.32
1,109,3558.87
248,12,374.57
8,27,497.56
359,10,271.05
76,17,272.22
290,40,622.88
17,5,1138.0
221,18,288.6
9,28,689.1
3,38,558.96
206,127,2997.0299999999997
162,52,1145.84
76,14,302.2
262,88,605.58
281,22,387.31
58,366,6115.14
25,20,308.48
3,963,91062.38
29,105,2924.9900000000002
72,6,513.2
128,40,208.65
31,87,639.02
15,137,768.08
309,11,153.94
17,82,1844.02
54,30,546.81
30,45,723.2099999999999
2,73,1070.71
11,33,652.74
361,6,145.0
360,9,422.70000000000005
5,19,1195.8999999999999
54,47,939.37
1,253,3628.5
1,394,2385.0
190,14,296.7
54,9,223.36
280,13,164.4
177,3,76.5
30,75,897.62
26,9,98.42
25,25,578.9
270,25,170.75
43,145,645.96
234,5,103.3
24,6,148.86
197,42,267.16
359,43,306.84
60,49,930.41
130,2,1487.6
1,88,1952.45
20,106,483.26
206,6,157.9
14,34,541.46
95,27,854.95
19,46,167.62
14,63,1122.38
24,49,454.01
8,152,901.21
7,165,4331.48
332,29,344.14
50,299,1498.51
71,12,226.75000000000003
29,25,380.6
243,8,185.65
8,411,3622.68
218,5,143.45999999999998
5,50,448.90000000000003
253,45,215.72
1,440,11045.04
236,29,175.27
7,35,1242.3
109,214,1133.07
100,23,1240.2
60,253,2404.17
2,201,1479.22
73,166,2225.9700000000003
4,213,3927.34
85,50,993.18
12,83,388.79
23,270,2827.93
214,55,2044.3700000000001
18,13,161.67000000000002
239,9,116.00999999999999
2,560,5102.97
78,11,394.72
217,63,309.36
33,59,193.42
41,237,1112.22
7,576,3984.22
53,135,2048.45
23,312,4559.150000000001
57,100,390.07
130,14,329.6
174,3,571.1999999999999
6,78,971.58
312,77,218.52
60,4,81.44
21,26,1379.9
33,33,527.0500000000001
15,50,843.48
18,315,2047.0
81,5,75.75
6,123,1814.12
170,26,503.59999999999997
2,39,528.33
31,70,1324.84
36,297,2361.9700000000003
19,20,285.56
31,35,547.0600000000001
276,7,108.5
87,5,621.66
120,40,712.29
373,8,101.55
1,157,2895.64
219,51,1008.39
65,7,133.06
61,91,1797.5
138,52,868.49
21,8,166.08
12,232,3945.0
25,259,4867.72
37,44,1207.56
277,22,117.55
11,91,2638.94
73,82,1674.69
26,19,595.42
17,158,2999.46
141,45,196.0
26,86,1802.91
19,43,604.64
4,18,728.16
66,117,2055.51
1,15,347.75
43,68,3406.7200000000003
228,11,205.7
16,53,1572.71
50,110,3178.17
2,227,1629.12
74,27,551.04
1,705,20374.28
4,78,1387.68
2,304,16363.23
264,16,298.11
53,30,1992.1100000000001
24,11,184.4
10,118,2474.33
44,15,239.41
17,130,3191.53
7,286,5739.46
30,256,4757.95
358,19,290.40000000000003
127,46,740.9399999999999
137,16,200.47
142,15,283.12
132,35,765.34
38,115,2285.71
236,19,338.95
261,8,154.95
17,142,2534.64
253,24,417.95
30,74,1824.37
35,55,798.74
169,31,885.19
3,103,1823.52
4,382,10504.49
185,5,152.4
188,35,267.08
170,7,137.45
11,23,385.1
45,29,522.91
321,10,153.0
201,1,326.4
23,245,5655.99
232,6,139.35
38,274,5396.04
26,50,1195.94
96,115,2424.04
127,10,3276.4000000000005
71,40,1033.0
16,192,3439.08
15,66,1060.25
4,165,2876.01
3,218,5298.4800000000005
79,67,1240.11
373,18,303.97
39,35,692.19
54,43,700.63
2,690,13110.02
9,25,377.44
9,10,168.24
19,97,1879.05
12,47,2791.35
113,15,355.11
4,136,2322.4
240,6,110.25
113,1,71.4
178,35,674.52
5,193,1797.57
359,1,80.64
1,92,1772.26
1,741,5605.29
19,412,3456.7000000000003
17,95,834.99
22,25,287.59
33,19,712.78
263,1,15.0
51,75,818.8199999999999
159,57,371.88
15,21,271.2
8,105,2273.1800000000003
13,310,3997.98
199,38,1143.27
57,54,245.81
11,53,182.77
97,156,1225.41
255,3,56.4
25,194,665.86
21,82,658.57
159,12,188.02
72,67,283.47
53,13,131.94
85,72,278.74
153,134,1865.19
74,5,1117.9
281,14,225.9
27,190,1965.55
30,10,106.1
25,58,323.04
180,46,350.39
40,82,697.9
22,111,780.43
22,408,3055.93
37,104,1199.01
82,140,1285.04
74,10,512.31
11,43,546.04
16,61,5411.91
4,851,7837.7300000000005
13,141,732.16
14,371,1770.8799999999999
37,17,36.56
4,33,387.68
72,48,3704.87
51,13,298.4
5,220,1995.46
23,67,1820.09
299,30,889.24
2,23,398.7
33,2,35.400000000000006
50,61,155.37
3,61,350.64
47,24,110.21000000000001
42,169,1593.38
27,121,2779.3
42,56,338.8
2,7847,40991.57
303,37,205.48
107,5,51.559999999999995
85,1,2033.1
81,51,901.1999999999999
218,26,605.8000000000001
372,297,5391.21
12,24,114.34
185,15,311.26
373,17,208.97
2,15,1418.03
4,54,26879.04
6,199,5155.66
305,25,148.21
369,58,252.8
3,222,2100.8
324,11,330.9
59,148,3160.0
13,102,597.5
31,370,10526.32
143,9,329.65
30,79,1197.1000000000001
107,40,428.18
2,279,1894.35
205,10,155.9
80,44,1859.16
185,46,683.46
170,12,237.61
44,26,379.45
174,6,178.51999999999998
365,26,458.92
304,8,133.35000000000002
3,145,671.77
4,117,717.45
12,64,190.19
32,109,899.61
129,10,111.35
21,67,726.05
212,21,203.87
323,94,602.09
162,34,203.85999999999999
56,28,244.1
225,16,112.25
72,193,1119.81
44,16,98.0
23,2,256.32
173,114,566.6
85,28,152.06
159,32,155.8
190,6,112.19999999999999
29,19,110.38
21,38,191.67
71,34,800.24
247,12,72.9
374,58,243.28
9,39,366.23
310,38,311.01
59,59,411.6
4,80,336.43
45,94,341.28
88,23,1304.04
4,696,4204.1
64,145,826.52
282,1,207.50000000000003
12,31,2962.5
373,1,244.08
133,21,397.29
45,23,212.54
11,5,843.0
36,39,1740.48
134,65,408.36
29,90,1331.57
52,21,704.25
138,29,145.79
5,77,389.84
9,43,4301.22
160,12,99.14
49,19,4106.4400000000005
131,2,304.56
8,2,77.50000000000001
233,20,149.57999999999998
37,9,176.68
147,1,358.56000000000006
1,70,58510.48
72,71,482.2
40,20,1008.5400000000001
5,485,2332.72
199,19,557.3
249,1,12.75
66,31,111.68
117,7,508.4599999999999
171,26,73.78
21,249,1296.44
142,35,102.83
32,104,471.7
38,329,2622.57
38,68,1098.43
372,48,123.07
374,85,277.35
166,14,228.2
211,31,582.59
242,31,136.04
52,15,337.04
25,179,740.79
15,296,4488.81
372,65,353.19
29,21,288.14
365,12,300.91999999999996
36,146,757.71
166,30,811.45
145,48,152.68
22,23,634.95
56,1,20.8
185,13,198.57
12,38,201.12
237,29,630.84
225,5,93.35
122,81,678.49
282,2,76.1
74,166,1970.6699999999998
37,93,382.06
12,58,417.23
362,40,169.47
4,60,249.72
23,22,444.68
70,30,2116.19
235,32,257.34
257,14,174.8
373,28,102.78999999999999
155,31,187.29
28,32,166.42
4,46,120.03
32,123,1483.56
81,3,523.0
108,29,122.14
52,5,38.45
36,191,668.11
153,21,389.78
99,21,115.31
4,9,230.64999999999998
334,5,73.5
65,34,97.97
22,112,422.88
36,53,730.4
32,96,405.62
154,19,70.02
19,19,357.20000000000005
12,472,4183.39
54,7,165.04999999999998
25,121,559.51
4,127,2088.6
45,47,189.4
203,7,172.29000000000002
359,5,74.4
71,20,300.02
7,360,6784.1900000000005
288,19,363.65
10,3,170.16
23,19,306.46
22,46,2119.41
173,27,720.52
133,7,814.0
6,137,2392.83
75,10,318.0
40,37,396.33
289,1,101.69999999999999
26,470,2036.67
258,25,453.0
186,18,247.44
114,73,3877.5200000000004
374,13,489.6
23,142,2611.75
8,227,2633.0099999999998
217,29,336.13
45,127,3651.97
19,2,1231.5
36,17,343.45
26,73,703.37
16,1,90.47999999999999
330,29,689.95
274,7,101.34
98,2,4055.7199999999993
61,39,167.67000000000002
2,89,9068.26
93,36,2106.52
82,70,3017.3
313,21,580.0500000000001
12,213,911.15
8,108,2697.8
127,19,168.31
11,41,223.65
1,431,259657.3
37,38,754.64
38,18,113.48000000000002
330,39,430.7
254,17,271.0
2,444,8052.97
20,46,236.3
12,26,352.69
369,1,76.32000000000001
290,28,220.1
68,378,1418.03
26,74,320.72
11,1279,5653.82
368,30,181.12
214,17,111.15
149,32,673.1
8,364,1826.21
24,36,589.4399999999999
30,196,1142.99
61,56,206.82999999999998
19,47,348.73
243,14,112.55000000000001
15,70,1059.39
212,1,931.4999999999999
29,20,681.9100000000001
63,38,784.33
295,8,152.65
18,159,8438.34
157,15,1019.52
117,61,1000.16
8,43,2888.75
13,221,2861.55
141,10,160.35000000000002
46,7,179.33999999999997
51,16,612.0799999999999
32,37,566.58
135,38,653.35
3,21,399.19
75,25,371.62
13,140,734.94
9,34,453.4
301,23,530.15
57,39,638.0600000000001
15,80,1618.69
37,24,399.65000000000003
177,10,302.46000000000004
23,37,1384.8600000000001
176,131,1169.94
61,9,202.65
33,38,980.31
59,54,1231.31
15,189,7561.68
87,31,2106.84
7,1,104.0
358,30,476.35
31,74,1341.42
129,97,1590.81
9,90,1793.17
5,119,1843.75
24,44,382.8
227,37,632.07
15,1,49.8
249,17,304.25
15,71,2001.04
78,68,1090.24
192,15,284.46000000000004
262,7,207.79999999999998
72,45,957.97
165,16,243.76
82,7,973.8399999999999
95,141,689.13
4,159,5425.56
106,32,163.8
200,68,1396.99
157,19,160.42000000000002
71,200,1993.7
36,32,517.36
29,8,139.10000000000002
2,134,2621.38
26,42,600.07
326,43,248.42
237,15,232.48000000000002
89,13,299.34000000000003
31,26,481.75
29,31,621.75
211,21,662.08
3,114,2069.77
227,2,305.28000000000003
22,64,1041.61
93,19,443.0
5,272,6484.54
264,10,158.95000000000002
3,271,5509.12
44,242,5228.05
218,5,93.75
57,30,779.9
12,164,7276.900000000001
9,86,2810.2000000000003
192,124,2083.27
82,37,592.97
326,1,440.0
72,104,1796.48
30,49,882.24
3,61,987.1
219,88,1561.6100000000001
46,6,422.58
10,104,2073.09
72,78,2232.4900000000002
7,175,2567.06
24,4,596.1
123,47,804.02
17,8,95.34
310,21,349.27
87,16,4314.72
51,98,526.67
89,6,103.3
39,118,2337.63
25,42,2338.6000000000004
173,134,2643.2000000000003
43,21,324.24
140,13,149.48
26,61,1213.1599999999999
72,46,801.51
134,1,25.5
366,7,168.6
38,11,283.15
3,166,3078.58
2,3,204.0
30,11,175.92
44,14,335.86
58,8,110.38
74,9,173.9
278,10,180.60000000000002
181,7,80.82
8,12,178.05
4,756,2094.88
43,70,1837.28
