Recency,Frequency,Monetary,Cluster,Churn
326,1,77183.6,3,1
2,182,4310.0,0,0
75,31,1797.24,1,0
19,73,1757.55,0,0
310,17,334.4,3,1
36,85,2506.04,0,0
204,4,89.0,3,1
232,58,1079.4,3,1
214,13,459.4,3,1
23,59,2811.43,0,0
33,131,6207.67,0,0
2,19,1168.06,0,0
58,248,6372.58,0,0
52,129,2662.06,0,0
287,10,189.9,3,1
3,266,5226.23,0,0
110,23,552.0,1,1
8,85,1313.1,0,0
291,22,641.38,3,1
4,11,168.9,0,0
51,167,3545.69,0,0
45,63,1887.96,0,0
72,52,1298.04,1,0
311,14,364.6,3,1
25,33,742.9300000000001,0,0
11,17,457.5,0,0
315,77,1628.12,3,1
130,219,4008.62,1,1
82,40,852.24,1,0
22,104,2724.81,0,0
5,87,1845.31,0,0
185,99,1850.56,1,1
29,27,585.27,0,0
338,10,401.9,3,1
16,100,2780.66,0,0
80,32,549.84,1,0
22,100,460.89,0,0
72,64,1582.6000000000001,1,0
64,27,1272.48,1,0
19,156,3018.63,0,0
36,126,2409.9,0,0
46,85,1635.6599999999999,0,0
119,59,1108.65,1,1
303,5,84.3,3,1
323,11,225.6,3,1
50,5,427.7,1,0
149,54,1710.39,1,1
22,105,3415.3,0,0
50,77,1708.1200000000001,0,0
33,105,2888.55,0,0
79,109,11072.67,0,0
309,26,693.3299999999999,3,1
75,61,1226.88,1,0
67,38,758.1,1,0
217,18,562.41,3,1
24,716,124914.53,2,0
3,192,3649.1,0,0
113,34,668.58,1,1
64,29,600.39,1,0
16,45,807.04,0,0
96,39,803.5600000000001,1,1
1,125,1859.31,0,0
163,30,1760.96,1,1
78,36,777.2,1,0
195,30,582.73,3,1
22,31,825.8,0,0
26,294,7956.46,0,0
9,97,3750.4,0,0
43,11,256.4,1,0
36,236,6487.45,0,0
43,108,5059.32,0,0
1,420,13375.87,0,0
85,50,806.14,1,0
80,36,7829.89,1,0
100,16,509.01,1,1
2,200,4951.41,0,0
14,98,2906.85,0,0
367,11,173.55,3,1
3,12,172.06,0,0
21,177,5005.46,0,0
22,4,133.4,0,0
58,58,1002.3100000000001,1,0
243,26,476.49,3,1
44,22,449.45,1,0
22,191,4067.29,0,0
156,8,197.88,1,1
11,354,9035.52,0,0
17,22,430.57,0,0
134,43,707.09,1,1
56,15,3528.34,1,0
73,90,2466.86,1,0
44,125,3181.04,0,0
66,63,2363.23,1,0
71,38,947.4,1,0
94,35,826.88,1,1
19,62,1189.59,0,0
53,83,1344.78,0,0
10,29,1212.05,0,0
17,47,742.1899999999999,0,0
188,38,729.5400000000001,3,1
2,460,19824.05,0,0
32,339,6572.11,0,0
29,168,3938.5499999999997,0,0
17,424,7375.79,0,0
54,36,723.38,1,0
16,233,6816.42,0,0
23,300,13219.74,0,0
4,36,680.99,0,0
11,31,527.2,0,0
28,154,3281.63,0,0
23,217,5596.32,0,0
17,75,2484.98,0,0
33,346,4541.72,0,0
10,55,1298.66,0,0
336,15,334.93,3,1
5,245,5417.93,0,0
39,26,460.40000000000003,0,0
63,20,263.21000000000004,1,0
166,22,433.74,1,1
16,77,1246.1000000000001,0,0
82,14,1043.1,1,0
21,23,403.70000000000005,0,0
23,61,4257.82,0,0
337,149,2169.39,3,1
96,147,3723.87,1,1
18,9,482.04999999999995,0,0
233,23,73.5,3,1
134,22,1304.81,1,1
26,69,398.27,0,0
284,7,176.5,3,1
143,33,982.5699999999999,1,1
66,34,138.03,1,0
113,35,612.29,1,1
267,51,1017.68,3,1
353,16,383.7,3,1
78,26,1312.06,1,0
28,284,2502.84,0,0
1,124,2056.89,0,0
64,18,340.84,1,0
79,152,2634.26,1,0
143,38,599.68,1,1
39,12,192.72,1,0
19,106,1789.77,0,0
9,144,4485.72,0,0
1,71,1316.66,0,0
82,18,348.71000000000004,1,0
9,92,1933.48,0,0
60,66,1662.28,1,0
15,17,125.22,0,0
30,16,349.83000000000004,0,0
131,63,1089.18,1,1
92,34,716.35,1,1
43,261,12601.830000000002,0,0
29,21,363.95,0,0
22,273,5568.35,0,0
20,478,13400.24,0,0
30,52,981.18,0,0
36,19,372.7,0,0
75,50,1000.39,1,0
47,69,1161.5,0,0
198,8,207.79999999999998,3,1
166,5,95.19999999999999,1,1
79,57,964.83,1,0
358,10,168.0,3,1
39,20,437.82,0,0
8,191,3692.28,0,0
50,121,603.71,0,0
16,33,11990.960000000001,0,0
8,11,269.96,0,0
311,21,561.71,3,1
5,105,2134.01,0,0
303,16,238.85,3,1
8,168,3781.7400000000002,0,0
261,21,456.9,3,1
289,9,145.92,3,1
86,19,351.65,1,0
23,446,9401.28,0,0
2,188,4124.69,0,0
40,34,519.61,0,0
9,60,1020.42,0,0
227,28,160.54000000000002,3,1
316,11,218.45,3,1
36,88,1315.83,0,0
35,147,657.8,0,0
21,114,2794.51,0,0
78,29,440.42,1,0
247,24,415.7,3,1
40,15,197.71,1,0
239,22,511.36,3,1
3,247,7281.38,0,0
4,96,2338.15,0,0
234,87,2040.1,3,1
17,11,196.94000000000003,0,0
8,4,144.0,0,0
39,10,214.89999999999998,1,0
29,35,646.68,0,0
211,68,9864.26,3,1
317,26,452.84999999999997,3,1
92,18,437.6,1,1
109,21,418.09999999999997,1,1
38,118,3338.2200000000003,0,0
51,27,618.27,1,0
19,206,3811.22,0,0
10,132,3023.08,0,0
29,62,1032.58,0,0
29,64,2599.04,0,0
190,28,577.0600000000001,3,1
59,12,153.12,1,0
22,3,739.1999999999999,0,0
79,16,254.18,1,0
60,101,1579.51,0,0
78,60,1126.85,1,0
23,106,2099.54,0,0
52,65,1193.32,0,0
74,19,704.0400000000001,1,0
57,153,3344.38,0,0
278,20,315.6,3,1
2,105,2291.19,0,0
95,32,713.3,1,1
29,42,355.53,0,0
22,11,177.31,0,0
16,90,3641.24,0,0
15,92,1339.41,0,0
2,467,13689.67,0,0
232,11,180.1,3,1
276,18,305.1,3,1
106,38,641.13,1,1
212,86,2683.82,3,1
23,294,6620.48,0,0
11,230,4478.53,0,0
4,41,786.46,0,0
10,64,1270.88,0,0
57,31,640.5,1,0
59,101,2163.98,0,0
90,101,1689.18,1,0
67,390,6021.9,0,0
33,39,671.69,0,0
239,22,486.1,3,1
24,53,1174.58,0,0
115,10,185.9,1,1
25,47,1013.26,0,0
128,24,3344.64,1,1
130,31,477.91,1,1
34,73,1775.18,0,0
5,45,1346.97,0,0
22,122,3722.82,0,0
155,21,318.05,1,1
107,31,623.51,1,1
3,20,314.44,0,0
335,9,114.0,3,1
331,48,919.98,3,1
149,43,2209.85,1,1
11,38,601.98,0,0
17,126,4051.17,0,0
11,47,1643.18,0,0
19,36,686.05,0,0
30,5,91.68,0,0
11,13,245.1,0,0
1,230,3849.78,0,0
8,37,4881.88,0,0
325,3,63.0,3,1
58,33,620.13,1,0
12,161,3807.15,0,0
151,101,2744.0299999999997,1,1
10,92,2996.05,0,0
330,10,225.89999999999998,3,1
5,42,610.52,0,0
39,83,1970.6,0,0
25,45,1331.39,0,0
42,165,17628.46,0,0
59,48,1113.02,1,0
1,52,862.81,0,0
15,638,13787.54,0,0
4,525,12288.22,0,0
4,344,8476.57,0,0
8,105,2283.63,0,0
28,157,2863.08,0,0
372,7,89.14,3,1
114,171,4873.8099999999995,1,1
26,72,1247.61,0,0
206,16,389.01,3,1
28,32,1035.8,0,0
127,39,855.91,1,1
70,37,869.67,1,0
7,27,582.1,0,0
29,41,957.59,0,0
8,268,4939.99,0,0
80,53,797.71,1,0
20,12,219.0,0,0
71,21,283.55,1,0
7,88,2340.84,0,0
15,334,6868.29,0,0
292,33,603.42,3,1
30,157,2712.91,0,0
15,208,9736.52,0,0
97,77,1149.02,1,1
29,133,4396.13,0,0
1,38,848.55,0,0
9,259,4708.86,0,0
106,21,353.86,1,1
4,69,1053.49,0,0
151,55,1030.98,1,1
71,19,238.25,1,0
5,39,644.95,0,0
3,354,5781.73,0,0
32,161,2656.13,0,0
85,53,997.63,1,0
4,69,725.07,0,0
5,53,1031.41,0,0
371,24,427.8,3,1
28,124,2609.1,0,0
11,139,3980.7,0,0
71,46,836.33,1,0
114,26,453.01,1,1
24,274,18895.91,0,0
180,12,236.26000000000002,1,1
234,22,383.95,3,1
353,4,110.39999999999999,3,1
315,43,779.5699999999999,3,1
333,4,234.0,3,1
372,11,155.35,3,1
78,38,1013.04,1,0
64,27,427.6,1,0
134,134,546.43,1,1
52,222,21279.29,0,0
2,103,4196.01,0,0
1,4596,33719.73,2,0
4,199,4090.88,0,0
129,15,275.88,1,1
81,53,4366.78,1,0
23,197,21429.39,0,0
236,63,3010.74,3,1
281,4,3811.95,3,1
87,4,112.07999999999998,1,0
16,371,7857.1,0,0
117,97,2791.59,1,1
52,95,1531.44,0,0
8,69,1898.52,0,0
138,18,494.08,1,1
317,45,1693.88,3,1
4,310,6989.63,0,0
239,32,1143.6,3,1
211,12,1351.45,3,1
60,55,892.47,1,0
17,66,1386.04,0,0
20,50,822.23,0,0
38,149,3981.36,0,0
64,25,826.74,1,0
5,103,2330.92,0,0
2,84,2225.91,0,0
9,59,574.42,0,0
364,14,311.95,3,1
10,20,463.66,0,0
65,4,91.85,1,0
192,21,324.92,3,1
374,2,192.60000000000002,3,1
257,25,400.53999999999996,3,1
335,24,545.48,3,1
53,45,860.41,1,0
19,14,430.48,0,0
366,13,254.03,3,1
10,8,6977.04,0,0
187,25,427.58,3,1
37,28,483.65000000000003,0,0
178,25,489.31,1,1
261,31,514.85,3,1
45,15,229.64000000000001,1,0
102,2,125.92,1,1
148,47,1063.46,1,1
96,29,572.2,1,1
281,4,166.04,3,1
262,14,1542.08,3,1
3,59,942.34,0,0
214,6,92.72,3,1
71,46,948.88,1,0
75,5,1759.5,1,0
60,25,397.12,1,0
3,91,1474.72,0,0
6,25,430.15000000000003,0,0
3,56,1018.71,0,0
337,11,293.0,3,1
38,38,6814.64,0,0
262,9,215.05,3,1
32,27,383.03,0,0
145,24,417.38,1,1
283,18,312.38,3,1
59,175,2612.86,0,0
173,12,134.1,1,1
34,123,683.13,0,0
3,314,5591.42,0,0
144,113,2726.77,1,1
5,420,4022.35,0,0
70,34,1118.99,1,0
66,103,1702.26,1,0
29,52,325.96000000000004,0,0
267,27,354.09,3,1
22,91,871.54,0,0
31,51,1050.8899999999999,0,0
97,50,135.18,1,1
295,17,311.55,3,1
135,78,1957.1000000000001,1,1
79,110,1324.5,1,0
373,3,38.1,3,1
8,314,2179.93,0,0
211,46,1106.4,3,1
52,5,521.2,1,0
138,3,147.12,1,1
26,95,1568.23,0,0
283,26,559.12,3,1
26,538,4036.82,0,0
186,107,1607.0600000000002,1,1
84,11,380.64,1,0
327,66,599.97,3,1
282,4,374.0,3,1
143,2,343.2300000000001,1,1
58,85,2218.02,0,0
4,154,1535.77,0,0
236,47,854.99,3,1
45,10,573.22,1,0
276,7,298.0,3,1
9,13,1463.04,0,0
25,42,703.47,0,0
88,7,309.05,1,0
63,71,1175.22,1,0
68,82,1378.4,1,0
214,5,354.12,3,1
24,82,380.46999999999997,0,0
186,3,331.0,3,1
31,34,188.14,0,0
42,22,372.8,1,0
205,4,216.5,3,1
9,116,17654.54,0,0
265,10,138.68,3,1
18,72,509.58,0,0
12,63,2919.81,0,0
176,2,750.0,1,1
40,91,2178.67,0,0
23,75,3075.04,0,0
3,24,1662.3,0,0
5,50,2483.63,0,0
149,22,363.65,1,1
139,107,3006.15,1,1
128,2,594.0,1,1
8,50,1335.19,0,0
17,28,164.23,0,0
9,720,16587.09,0,0
161,28,405.38,1,1
64,29,176.97,1,0
88,30,933.7,1,0
5,45,694.05,0,0
35,84,2062.7000000000003,0,0
312,8,117.85,3,1
78,25,415.8,1,0
22,82,42055.96,0,0
24,106,607.53,0,0
2,129,2160.7,0,0
17,62,1063.9,0,0
15,120,1504.27,0,0
26,9,114.14,0,0
64,47,11581.8,0,0
55,99,913.54,0,0
131,75,683.9,1,1
36,30,604.51,0,0
288,23,462.95,3,1
144,97,1603.99,1,1
16,116,2064.95,0,0
31,215,4167.22,0,0
2,23,1843.0,0,0
9,63,1064.07,0,0
6,79,1387.79,0,0
10,17,329.85,0,0
1,180,4757.16,0,0
306,19,108.07,3,1
10,238,4017.54,0,0
7,16,266.39,0,0
8,95,1856.63,0,0
89,109,771.91,1,0
10,10,160.18,0,0
358,19,1660.9,3,1
112,5,135.95,1,1
7,151,452.24,0,0
4,305,11189.91,0,0
198,8,144.8,3,1
212,22,738.6,3,1
156,9,39.239999999999995,1,1
158,20,7374.900000000001,1,1
30,20,372.21999999999997,0,0
243,28,390.54,3,1
19,4,97.5,0,0
1,76,1239.38,0,0
74,28,558.7,1,0
292,92,535.32,3,1
3,64,6924.110000000001,0,0
31,13,409.5,0,0
23,31,503.76,0,0
23,27,414.76,0,0
4,61,974.4200000000001,0,0
85,3,211.32,1,0
22,59,1226.89,0,0
196,28,455.88,3,1
107,31,534.85,1,1
4,339,9818.82,0,0
318,7,120.94999999999999,3,1
106,6,149.05,1,1
12,404,5655.91,0,0
174,26,513.7,1,1
56,4,81.57,1,0
323,14,229.46999999999997,3,1
372,3,50.550000000000004,3,1
9,89,1661.8400000000001,0,0
1,219,4810.9400000000005,0,0
11,110,3466.2799999999997,0,0
53,176,3346.28,0,0
73,47,789.89,1,0
7,1,204.0,0,0
16,458,7277.7,0,0
4,131,2616.38,0,0
64,40,689.9,1,0
1,40,975.36,0,0
114,26,6912.0,1,1
23,45,661.3199999999999,0,0
31,10,1247.5,0,0
11,99,799.48,0,0
52,71,1010.18,0,0
357,11,190.55,3,1
55,37,642.77,1,0
74,27,921.88,1,0
138,48,881.07,1,1
80,28,908.46,1,0
9,43,676.99,0,0
273,13,516.42,3,1
291,33,560.47,3,1
99,18,305.28000000000003,1,1
31,35,629.31,0,0
32,172,3237.54,0,0
14,136,1835.91,0,0
64,14,656.6800000000001,1,0
15,403,5836.86,0,0
212,18,348.15000000000003,3,1
78,76,1214.41,1,0
25,8,271.40000000000003,0,0
250,8,183.4,3,1
254,15,307.53,3,1
72,10,248.61,1,0
191,11,346.98,3,1
13,69,1119.49,0,0
373,14,205.86,3,1
24,48,470.8,0,0
82,15,115.46000000000001,1,0
10,2,344.0,0,0
1,425,4436.12,0,0
192,9,228.8,3,1
267,7,177.15,3,1
130,22,919.61,1,1
1,112,729.27,0,0
3,358,12627.94,0,0
4,6,220.10000000000002,0,0
179,6,58.08,1,1
12,1028,28337.38,0,0
126,73,3613.63,1,1
4,18,303.75,0,0
158,22,416.08000000000004,1,1
3,1818,58825.83,2,0
9,155,8910.82,0,0
28,21,345.82,0,0
71,25,477.83,1,0
276,159,7832.47,3,1
21,24,1927.3200000000002,0,0
71,6,74.39999999999999,1,0
33,423,6010.42,0,0
1,572,28882.44,0,0
99,1,207.35999999999999,1,1
234,8,101.19,3,1
1,304,6424.09,0,0
40,8,243.94,1,0
3,20,1098.48,0,0
133,1,76.5,1,1
44,58,1531.6200000000001,0,0
373,10,350.06,3,1
60,47,786.54,1,0
31,145,1488.67,0,0
1,201,12245.960000000001,0,0
12,120,2294.78,0,0
138,30,501.14,1,1
22,76,984.91,0,0
20,79,1197.81,0,0
239,1,30.599999999999998,3,1
269,50,283.73,3,1
94,55,922.39,1,1
90,235,3866.33,0,0
5,140,2099.64,0,0
78,15,259.17,1,0
94,2,64.0,1,1
23,44,1073.3,0,0
262,3,77.3,3,1
274,7,109.8,3,1
86,98,1793.58,1,0
197,1,3096.0,3,1
56,127,2607.61,0,0
11,704,3650.41,0,0
22,63,962.39,0,0
16,170,5064.94,0,0
108,46,423.72,1,1
85,135,2388.75,1,0
19,23,307.09,0,0
333,3,110.95,3,1
40,6,618.52,1,0
26,17,228.91,0,0
10,4,712.8000000000001,0,0
29,319,3707.12,0,0
14,86,1676.06,0,0
296,74,1257.8700000000001,3,1
6,15,486.22,0,0
33,85,971.76,0,0
49,87,1741.22,0,0
95,79,1201.06,1,1
9,121,1437.85,0,0
22,4,91.8,0,0
313,8,112.75,3,1
122,79,1688.29,1,1
46,42,1021.48,0,0
283,41,417.2,3,1
19,65,791.33,0,0
36,131,1319.19,0,0
64,13,712.88,1,0
27,32,116.00999999999999,0,0
22,46,468.41,0,0
4,43,353.65,0,0
16,314,2817.03,0,0
46,72,492.84,0,0
65,17,282.45,1,0
26,265,5725.47,0,0
45,11,121.18,1,0
8,94,3957.78,0,0
15,181,1701.29,0,0
268,1,71.4,3,1
40,79,1575.89,0,0
337,37,236.02,3,1
11,2,114.60000000000001,0,0
19,29,260.68,0,0
95,63,911.94,1,1
61,29,117.88,1,0
136,3,60.7,1,1
11,110,1797.78,0,0
10,226,3401.2400000000002,0,0
4,119,9817.12,0,0
19,46,870.09,0,0
10,57,869.46,0,0
15,8,250.26000000000002,0,0
59,149,1223.9,0,0
30,321,5891.61,0,0
94,22,353.48,1,1
10,56,1197.42,0,0
20,142,788.08,0,0
57,90,1520.58,0,0
268,5,333.74,3,1
122,4,533.98,1,1
127,5,62.63999999999999,1,1
78,21,819.2900000000001,1,0
240,66,847.41,3,1
200,5,163.20000000000002,3,1
60,108,2155.95,0,0
3,32,6463.84,0,0
273,16,108.21000000000001,3,1
202,9,257.7,3,1
81,2,358.0,1,0
226,10,160.95,3,1
4,611,2806.97,0,0
13,207,1357.6,0,0
74,43,605.12,1,0
212,58,1031.07,3,1
25,36,744.85,0,0
17,31,700.73,0,0
262,22,329.56,3,1
96,67,663.65,1,1
112,13,270.40000000000003,1,1
203,58,600.07,3,1
93,27,121.74000000000001,1,1
51,16,430.5,1,0
18,141,1987.3,0,0
18,25,501.12,0,0
125,26,465.68,1,1
92,23,711.41,1,1
157,36,1030.4,1,1
9,13,399.51,0,0
14,1,0.0,0,0
12,38,698.58,0,0
62,87,292.32,1,0
61,8,557.62,1,0
269,9,944.1,3,1
263,11,200.29,3,1
1,1677,7454.07,0,0
53,91,2107.66,0,0
11,187,3834.2599999999998,0,0
3,211,4521.49,0,0
18,440,3214.69,0,0
1,316,5346.2300000000005,0,0
366,1,590.0,3,1
37,96,217.38,0,0
31,15,276.56,0,0
113,16,138.98,1,1
64,30,590.9300000000001,1,0
16,8,258.4,0,0
41,46,542.73,0,0
78,9,137.75,1,0
122,85,814.86,1,1
18,37,1132.14,0,0
60,7,93.66,1,0
331,13,201.19,3,1
23,187,2709.12,0,0
156,42,361.11,1,1
39,31,578.9399999999999,0,0
190,54,873.74,3,1
360,10,201.20000000000002,3,1
137,5,87.4,1,1
8,59,2089.85,0,0
1,2,360.0,0,0
268,5,142.5,3,1
169,20,371.89,1,1
104,81,618.09,1,1
155,1,63.75,1,1
351,21,300.42,3,1
4,81,2000.86,0,0
120,1,15.0,1,1
23,54,1385.51,0,0
7,107,1456.79,0,0
28,72,1132.03,0,0
4,26,598.57,0,0
22,78,1555.32,0,0
2,62,775.94,0,0
37,87,5977.7300000000005,0,0
66,124,2273.68,0,0
1,20,640.76,0,0
5,476,10845.550000000001,0,0
78,106,1548.7,1,0
72,11,567.36,1,0
17,25,199.48000000000002,0,0
3,21,787.85,0,0
36,75,7121.95,0,0
82,12,675.3,1,0
39,108,3627.77,0,0
316,17,1308.48,3,1
32,17,789.0,0,0
93,53,1140.93,1,1
14,21,350.9,0,0
82,268,3536.82,0,0
77,51,795.12,1,0
158,19,487.02,1,1
201,54,860.12,3,1
45,134,10736.48,0,0
261,42,775.85,3,1
178,19,353.43,1,1
68,119,2543.72,0,0
288,20,389.5,3,1
70,8,341.36,1,0
64,14,233.76,1,0
11,16,247.32,0,0
16,40,979.12,0,0
66,16,373.94,1,0
60,24,397.97999999999996,1,0
71,51,743.53,1,0
122,32,674.7,1,1
80,42,768.24,1,0
257,90,609.95,3,1
269,29,439.03,3,1
64,23,439.56,1,0
9,166,3090.7400000000002,0,0
18,60,992.5,0,0
71,10,134.95999999999998,1,0
34,128,2225.37,0,0
50,1,56.160000000000004,1,0
257,29,623.4,3,1
366,14,308.28000000000003,3,1
372,39,754.87,3,1
90,23,378.64,1,0
61,158,3312.25,0,0
89,37,778.65,1,0
99,53,1019.76,1,1
26,97,572.56,0,0
32,172,3639.31,0,0
281,15,222.99,3,1
31,152,4151.93,0,0
330,35,534.57,3,1
131,35,677.1,1,1
11,51,797.96,0,0
75,13,544.08,1,0
204,1,59.8,3,1
2,155,2520.02,0,0
185,21,307.72,1,1
29,43,1360.99,0,0
73,38,1544.13,1,0
192,26,457.34,3,1
127,39,621.23,1,1
18,3,75.0,0,0
1,11,252.49,0,0
74,27,572.451,1,0
2,478,28117.04,0,0
24,28,1003.06,0,0
107,18,213.55,1,1
134,24,1390.5,1,1
44,19,712.5,1,0
5,28,640.83,0,0
12,304,6127.43,0,0
64,16,221.06,1,0
150,8,159.85,1,1
40,104,1851.08,0,0
64,127,2626.3,0,0
108,78,1624.21,1,1
1,157,3641.32,0,0
19,29,582.6,0,0
10,74,218.47,0,0
11,67,1006.8,0,0
19,49,679.45,0,0
67,46,1269.1,1,0
74,10,534.24,1,0
5,101,3809.8900000000003,0,0
2,12,196.89,0,0
14,167,3408.06,0,0
255,54,283.71,3,1
92,13,296.64,1,1
23,59,1129.14,0,0
17,195,3539.37,0,0
24,19,291.88,0,0
27,71,2043.7199999999998,0,0
26,443,2976.15,0,0
259,2,590.0,3,1
166,17,356.97999999999996,1,1
25,46,1058.34,0,0
18,63,1766.72,0,0
7,382,9646.57,0,0
29,17,183.44,0,0
39,27,1445.0,0,0
253,9,151.5,3,1
58,41,674.68,1,0
184,17,307.9,1,1
11,99,1083.71,0,0
2,302,5704.97,0,0
99,10,165.0,1,1
1,260,2531.58,0,0
61,21,422.64,1,0
236,64,229.59,3,1
191,86,1431.78,3,1
179,58,1238.47,1,1
38,79,1454.58,0,0
201,15,300.95,3,1
46,109,1804.56,0,0
232,11,184.64,3,1
66,10,140.34,1,0
241,8,313.8,3,1
233,23,454.24,3,1
78,69,1122.41,1,0
58,34,575.4,1,0
17,422,8968.31,0,0
105,14,449.52,1,1
52,86,1215.82,0,0
136,50,1269.84,1,1
275,8,618.63,3,1
312,18,316.26000000000005,3,1
8,48,2044.8700000000001,0,0
11,35,653.33,0,0
283,19,348.05,3,1
18,42,1159.11,0,0
23,65,1166.77,0,0
288,52,1340.32,3,1
17,18,292.0,0,0
71,17,216.85,1,0
64,22,295.93,1,0
73,215,4393.63,0,0
316,26,458.52,3,1
3,162,2479.16,0,0
244,12,110.97,3,1
9,44,979.72,0,0
1,115,1791.56,0,0
261,15,251.21,3,1
127,10,205.1,1,1
74,4,152.20000000000002,1,0
73,59,891.12,1,0
21,44,1389.41,0,0
60,141,2128.42,0,0
86,38,659.4399999999999,1,0
78,8,122.75,1,0
59,93,3624.35,0,0
1,436,1093.65,0,0
30,5,125.80000000000001,0,0
33,172,3964.88,0,0
41,27,680.1800000000001,0,0
15,6,628.78,0,0
34,223,2287.51,0,0
79,15,307.76,1,0
205,22,483.8,3,1
34,66,210.31,0,0
183,76,270.79,1,1
2,296,5870.08,0,0
1,179,3448.29,0,0
43,25,1280.85,0,0
86,37,631.34,1,0
40,87,291.41,0,0
12,98,626.99,0,0
96,124,682.41,1,1
26,51,918.2,0,0
319,4,91.80000000000001,3,1
66,109,3740.07,0,0
74,136,4149.28,0,0
28,34,584.06,0,0
6,175,605.06,0,0
7,33,174.37,0,0
216,14,141.85999999999999,3,1
82,82,1799.33,1,0
84,49,777.53,1,0
144,83,1749.02,1,1
19,38,240.22,0,0
41,176,874.71,0,0
173,44,192.85,1,1
17,85,373.75,0,0
243,27,239.49,3,1
13,341,2092.32,0,0
206,33,1384.25,3,1
50,26,294.4,1,0
23,46,732.0699999999999,0,0
10,126,6717.34,0,0
25,83,1687.6000000000001,0,0
15,23,467.04,0,0
309,10,118.0,3,1
156,53,781.03,1,1
307,24,142.4,3,1
64,8,712.4,1,0
16,174,2478.95,0,0
15,21,379.65,0,0
11,87,1981.92,0,0
65,58,1117.13,1,0
36,16,247.95999999999998,0,0
108,128,2037.0800000000002,1,1
53,26,396.97,1,0
6,166,697.04,0,0
47,40,180.17000000000002,1,0
1,247,5153.67,0,0
312,19,219.52,3,1
45,99,693.32,0,0
65,23,428.89,1,0
26,27,164.34,0,0
29,43,280.53999999999996,0,0
40,98,678.01,0,0
12,226,1131.88,0,0
89,74,1171.8,1,0
24,201,1610.46,0,0
319,23,417.69,3,1
40,44,544.18,0,0
174,13,177.34,1,1
117,19,213.85,1,1
31,81,747.78,0,0
253,19,257.23,3,1
59,92,1638.47,0,0
23,59,7792.36,0,0
5,71,2031.78,0,0
100,11,3070.42,1,1
25,146,2121.27,0,0
33,188,1575.16,0,0
68,62,1071.03,1,0
37,63,949.12,0,0
52,101,810.5,0,0
16,8,122.64,0,0
74,40,1033.34,1,0
216,66,354.8,3,1
31,28,519.44,0,0
16,146,2624.26,0,0
120,5,252.1,1,1
10,79,1678.1200000000001,0,0
257,23,346.6,3,1
17,96,1836.34,0,0
35,6,94.2,0,0
46,63,1095.08,0,0
43,166,2707.33,0,0
114,56,932.97,1,1
165,49,379.65,1,1
11,16,382.14,0,0
10,108,2639.17,0,0
206,104,1573.2,3,1
86,53,897.76,1,0
179,13,189.47,1,1
60,12,84.65,1,0
149,87,305.02,1,1
3,470,6363.59,0,0
51,9,218.55,1,0
75,25,349.7,1,0
301,6,186.39000000000001,3,1
19,65,396.92,0,0
151,25,486.82000000000005,1,1
152,16,232.6,1,1
1,195,3722.42,0,0
18,57,827.83,0,0
187,3,59.5,3,1
286,30,67.23,3,1
3,39,3119.44,0,0
183,8,72.0,1,1
63,6,910.0,1,0
59,9,172.25,1,0
25,53,1488.32,0,0
4,568,65039.62,0,0
31,90,2504.13,0,0
39,12,151.29999999999998,1,0
155,14,308.58000000000004,1,1
26,197,2265.12,0,0
318,1,99.5,3,1
5,134,2308.06,0,0
8,28,711.86,0,0
303,20,330.79,3,1
267,48,806.41,3,1
271,51,296.88,3,1
4,336,6328.05,0,0
32,8,180.48,0,0
219,13,252.06,3,1
247,10,228.84,3,1
281,105,1079.34,3,1
269,21,138.28,3,1
32,102,1445.01,0,0
246,12,306.55,3,1
15,60,1041.68,0,0
117,43,799.9,1,1
36,28,524.14,0,0
132,85,2375.41,1,1
217,6,199.85000000000002,3,1
50,104,1980.56,0,0
39,42,1079.6599999999999,0,0
29,20,333.48,0,0
37,63,1016.14,0,0
136,43,752.6,1,1
219,38,610.59,3,1
28,33,491.86,0,0
25,196,2885.2400000000002,0,0
5,191,731.9,0,0
200,30,339.59999999999997,3,1
18,3,216.9,0,0
241,23,350.75,3,1
72,34,668.4300000000001,1,0
17,321,3131.02,0,0
3,41,1341.6,0,0
95,72,1156.36,1,1
162,25,300.04,1,1
374,1,79.6,3,1
96,28,948.25,1,1
54,24,1647.26,1,0
288,9,296.25,3,1
124,76,1186.28,1,1
288,35,741.26,3,1
152,12,282.59999999999997,1,1
4,342,2161.35,0,0
2,142,5189.52,0,0
12,117,3190.55,0,0
33,25,659.4100000000001,0,0
54,57,286.79,1,0
50,70,1070.65,0,0
219,7,306.72,3,1
63,15,1714.96,1,0
71,208,1521.76,0,0
2,368,17220.36,0,0
2,135,2796.51,0,0
64,119,2634.45,0,0
34,177,1132.13,0,0
82,22,345.0,1,0
1,197,25977.16,0,0
103,9,178.7,1,1
7,57,360.01,0,0
251,17,127.84,3,1
13,115,912.0,0,0
10,31,2462.79,0,0
367,7,230.39999999999998,3,1
76,31,309.04,1,0
4,45,348.8,0,0
128,11,1516.0,1,1
66,13,195.55,1,0
1,349,37153.85,0,0
117,39,688.86,1,1
310,33,558.32,3,1
67,23,324.8,1,0
139,60,4599.42,1,1
255,17,277.07,3,1
31,137,2635.79,0,0
52,13,924.6,1,0
64,10,256.38,1,0
367,7,112.6,3,1
6,76,1747.66,0,0
305,12,155.05,3,1
29,35,1499.01,0,0
184,13,814.5,1,1
42,36,539.0,0,0
40,69,1366.8600000000001,0,0
92,57,1579.12,1,1
22,176,4027.36,0,0
24,28,571.6700000000001,0,0
29,24,382.98,0,0
302,36,1140.35,3,1
145,59,385.64,1,1
6,96,632.0,0,0
19,40,957.66,0,0
33,46,1698.94,0,0
176,10,189.5,1,1
58,93,412.05,1,0
22,15,209.49,0,0
16,74,2202.99,0,0
19,3,52.199999999999996,0,0
159,29,384.8,1,1
25,55,834.57,0,0
212,19,271.24,3,1
6,174,691.73,0,0
253,1,85.0,3,1
59,206,3385.62,0,0
11,20,361.62,0,0
65,9,312.98,1,0
25,55,865.0600000000001,0,0
92,5,1255.0,1,1
52,101,1537.95,0,0
129,93,1595.48,1,1
96,81,2651.46,1,1
57,23,1090.14,1,0
9,110,8109.5199999999995,0,0
169,14,388.5,1,1
57,11,216.17,1,0
326,28,201.16,3,1
1,76,1245.9,0,0
18,139,2209.36,0,0
248,20,305.78,3,1
58,30,501.56,1,0
74,7,145.67000000000002,1,0
31,61,1015.29,0,0
7,33,3192.54,0,0
123,307,3104.95,1,1
2,115,2770.94,0,0
23,336,6403.25,0,0
120,23,389.6,1,1
358,18,540.45,3,1
54,104,1786.79,0,0
64,7,122.7,1,0
86,3,117.24,1,0
55,36,1281.53,1,0
21,165,3219.77,0,0
4,178,17159.52,0,0
3,65,1191.13,0,0
11,142,2674.48,0,0
7,59,787.6,0,0
189,28,506.8,3,1
71,16,243.56,1,0
204,19,349.55,3,1
120,40,605.63,1,1
93,15,416.90000000000003,1,1
1,110,1883.8100000000002,0,0
27,27,632.97,0,0
298,21,821.1,3,1
24,27,564.62,0,0
28,118,2593.07,0,0
50,17,311.16,1,0
326,12,155.93,3,1
16,19,388.52,0,0
183,43,740.95,1,1
72,149,2867.2,0,0
37,26,332.64,0,0
80,122,2369.55,1,0
57,148,2580.91,0,0
12,33,626.45,0,0
50,18,272.04,1,0
50,30,1212.8400000000001,1,0
59,28,384.81,1,0
352,7,172.25,3,1
54,20,351.13,1,0
2,117,1838.8500000000001,0,0
93,41,678.25,1,1
23,11,223.85000000000002,0,0
75,21,348.99,1,0
11,27,464.57,0,0
169,9,842.65,1,1
58,17,337.34,1,0
96,58,1237.53,1,1
295,16,307.4,3,1
109,23,608.7900000000001,1,1
264,31,922.1,3,1
180,26,376.58,1,1
169,9,158.85,1,1
35,7,71.66,0,0
23,45,568.55,0,0
17,49,839.14,0,0
22,45,5112.96,0,0
79,11,561.5699999999999,1,0
65,5,90.6,1,0
361,3,102.0,3,1
3,160,2427.32,0,0
11,35,745.06,0,0
176,39,674.45,1,1
218,137,3251.071,3,1
7,20,3515.68,0,0
2,25,439.92,0,0
154,33,322.96,1,1
5,152,1026.42,0,0
79,92,598.2,1,0
21,12,230.22,0,0
22,11,169.55,0,0
308,35,664.54,3,1
146,2,80.7,1,1
7,626,9053.94,0,0
19,149,2758.26,0,0
71,15,190.25,1,0
287,11,264.7,3,1
49,28,413.59000000000003,1,0
31,338,2526.28,0,0
207,10,357.98,3,1
15,15,196.79000000000002,0,0
73,54,869.87,1,0
60,11,200.14,1,0
39,111,1871.81,0,0
30,107,2603.43,0,0
27,16,920.51,0,0
4,351,7060.13,0,0
17,13,320.46,0,0
20,234,4147.96,0,0
66,41,1266.08,1,0
213,16,311.3,3,1
12,84,855.97,0,0
30,5,76.8,0,0
43,121,3466.36,0,0
4,155,2313.14,0,0
15,86,1393.69,0,0
10,208,3901.81,0,0
211,15,635.66,3,1
46,39,2043.0800000000002,0,0
134,47,529.73,1,1
43,171,4582.64,0,0
10,84,2874.72,0,0
116,30,962.19,1,1
198,42,695.61,3,1
278,11,328.8,3,1
110,34,473.02,1,1
77,39,505.18,1,0
53,20,917.34,1,0
162,161,4341.21,1,1
47,66,1421.61,0,0
17,39,642.8,0,0
155,22,631.9,1,1
225,28,440.0,3,1
7,31,584.07,0,0
122,16,327.7,1,1
61,6,104.82,1,0
63,15,467.66,1,0
18,243,2360.09,0,0
7,250,17286.86,0,0
2,143,2975.59,0,0
22,89,651.8199999999999,0,0
29,66,1428.02,0,0
285,38,626.65,3,1
176,28,147.20000000000002,1,1
78,92,1560.38,1,0
33,6,152.2,0,0
41,235,3614.92,0,0
266,21,141.41,3,1
27,209,652.82,0,0
109,6,1659.75,1,1
284,14,154.99,3,1
9,32,1308.6100000000001,0,0
305,85,409.93,3,1
17,488,5681.72,0,0
32,54,746.36,0,0
1,210,15610.390000000001,0,0
20,56,225.36,0,0
124,4,260.25,1,1
65,6,92.46,1,0
106,10,725.6400000000001,1,1
1,1106,8214.65,0,0
24,284,6217.96,0,0
267,8,183.6,3,1
5,202,6140.42,0,0
10,111,10464.85,0,0
29,80,1353.74,0,0
267,7,152.55,3,1
64,52,374.7,1,0
320,24,265.85,3,1
4,324,1438.82,0,0
32,13,151.04,0,0
5,43,942.26,0,0
129,46,122.47,1,1
41,42,499.41999999999996,0,0
102,65,1049.37,1,1
125,12,375.1,1,1
33,4,45.599999999999994,0,0
302,153,934.52,3,1
365,29,182.25,3,1
4,181,1018.43,0,0
2,450,4448.54,0,0
3,69,194.42,0,0
10,589,50491.81,0,0
57,14,161.0,1,0
325,1,76.32000000000001,3,1
8,214,4076.91,0,0
12,105,442.85,0,0
4,5111,65164.79,2,0
37,21,147.35,0,0
16,250,3104.17,0,0
138,26,194.9,1,1
74,35,5976.79,1,0
5,79,1360.28,0,0
155,21,216.20999999999998,1,1
239,74,1266.23,3,1
52,123,2703.23,0,0
31,34,597.91,0,0
73,9,144.2,1,0
4,156,5683.15,0,0
14,10,692.85,0,0
23,160,2915.15,0,0
4,34,1840.42,0,0
274,15,386.53,3,1
20,72,1382.74,0,0
144,3,90.0,1,1
4,159,2780.15,0,0
84,5,419.58000000000004,1,0
11,167,2740.43,0,0
8,15,706.1300000000001,0,0
123,44,709.71,1,1
61,46,637.5,1,0
2,52,1123.8600000000001,0,0
319,67,483.86,3,1
2,200,3586.0299999999997,0,0
130,28,605.64,1,1
2,134,4690.31,0,0
2,47,982.3800000000001,0,0
46,26,415.82,1,0
4,66,935.05,0,0
3,40,915.13,0,0
373,22,311.81,3,1
134,7,115.8,1,1
47,11,3742.2,0,0
9,210,4191.0,0,0
78,5,483.4,1,0
234,3,157.2,3,1
221,28,446.62,3,1
36,26,658.64,0,0
75,49,621.29,1,0
239,52,1345.62,3,1
266,6,118.75,3,1
10,1400,117379.63,2,0
20,48,432.88,0,0
40,41,507.66,0,0
20,1204,4693.01,0,0
216,108,1110.52,3,1
174,25,289.36,1,1
87,52,2445.91,1,0
71,29,1631.77,1,0
276,25,122.53999999999999,3,1
39,52,574.84,0,0
98,58,363.79,1,1
11,29,450.84,0,0
33,26,134.46,0,0
60,149,3222.3,0,0
297,31,576.9000000000001,3,1
86,42,559.41,1,0
9,327,1620.93,0,0
41,165,719.78,0,0
11,240,4748.52,0,0
67,24,452.89,1,0
331,3,197.65,3,1
31,65,2054.36,0,0
2,265,4654.08,0,0
2,259,4684.76,0,0
68,42,853.39,1,0
5,579,11349.52,0,0
202,7,1012.0,3,1
107,6,335.52,1,1
18,39,701.4,0,0
218,2,185.39999999999998,3,1
60,37,747.44,1,0
2,44,161.03,0,0
17,24,466.7,0,0
239,20,328.15999999999997,3,1
95,10,151.74,1,1
11,87,2073.43,0,0
106,102,1905.8400000000001,1,1
53,112,2241.1,0,0
90,9,1070.48,1,0
31,67,1004.38,0,0
12,108,1789.72,0,0
3,59,1839.3,0,0
2,100,2004.98,0,0
43,12,169.48000000000002,1,0
4,7,89.94,0,0
247,21,632.4,3,1
42,193,3432.8,0,0
177,41,683.17,1,1
92,60,991.13,1,1
110,118,1050.12,1,1
29,67,2232.19,0,0
26,175,3350.96,0,0
52,40,1547.2,1,0
184,50,925.71,1,1
43,115,2048.07,0,0
49,35,1462.72,1,0
22,159,775.46,0,0
75,79,3144.86,1,0
81,15,490.86,1,0
373,9,161.0,3,1
326,8,146.85,3,1
43,112,2380.85,0,0
30,42,890.34,0,0
184,10,213.70000000000002,1,1
235,16,280.55,3,1
9,141,2588.77,0,0
220,108,1693.45,3,1
111,75,1474.06,1,1
278,20,136.76999999999998,3,1
318,8,302.58,3,1
7,111,1904.05,0,0
2,78,2879.7000000000003,0,0
260,53,969.0600000000001,3,1
64,106,3099.7200000000003,0,0
9,111,12669.98,0,0
142,5,120.0,1,1
51,52,1163.45,1,0
8,143,2618.23,0,0
155,17,333.97,1,1
109,31,530.18,1,1
163,55,1516.24,1,1
332,29,492.65000000000003,3,1
226,10,112.32,3,1
74,33,437.96,1,0
51,29,559.97,1,0
99,64,1119.74,1,1
15,225,4216.2,0,0
197,8,134.04,3,1
3,156,3729.34,0,0
31,32,595.25,0,0
21,27,1910.01,0,0
24,280,4628.75,0,0
8,9,176.63,0,0
213,16,426.6,3,1
9,47,911.26,0,0
11,101,2314.65,0,0
2,237,3883.25,0,0
8,100,4871.93,0,0
3,61,1046.56,0,0
40,5,166.20000000000002,1,0
18,62,1305.33,0,0
8,1637,51527.3,0,0
8,143,3965.62,0,0
19,3,43.2,0,0
117,13,640.14,1,1
223,17,383.45,3,1
71,105,1858.96,1,0
51,33,2093.32,1,0
89,180,2995.72,1,0
8,117,2352.53,0,0
243,20,310.26,3,1
47,87,1611.59,0,0
107,8,120.0,1,1
45,101,2481.13,0,0
65,24,508.58000000000004,1,0
207,31,477.79,3,1
11,123,1530.75,0,0
115,36,605.0600000000001,1,1
242,8,183.85,3,1
163,12,311.65,1,1
17,259,5014.84,0,0
124,28,462.65999999999997,1,1
23,26,866.31,0,0
68,15,415.2,1,0
17,162,2552.21,0,0
16,63,468.26,0,0
17,90,1614.91,0,0
161,31,588.22,1,1
243,14,309.52,3,1
219,6,134.7,3,1
45,129,2182.28,0,0
21,21,668.5600000000001,0,0
127,71,889.9300000000001,1,1
39,6,108.97999999999999,1,0
121,60,1021.58,1,1
260,18,409.57,3,1
10,31,133.5,0,0
274,18,282.93,3,1
165,1,51.0,1,1
157,47,1078.96,1,1
215,6,90.6,3,1
6,9,163.62,0,0
366,11,174.4,3,1
80,33,701.23,1,0
43,41,225.77,0,0
19,55,912.18,0,0
32,118,2128.23,0,0
22,41,161.2,0,0
109,69,3717.35,1,1
8,524,9261.52,0,0
320,8,155.0,3,1
295,4,100.5,3,1
358,4,76.55,3,1
185,75,257.68,1,1
191,11,617.05,3,1
44,46,348.1,0,0
52,56,202.68,1,0
26,131,626.0699999999999,0,0
38,59,1247.69,0,0
9,14,202.11,0,0
297,7,142.4,3,1
33,140,1770.56,0,0
10,186,3212.84,0,0
65,45,1043.46,1,0
10,286,4652.82,0,0
218,5,67.95,3,1
2,350,3507.71,0,0
65,73,487.99,1,0
3,87,2612.96,0,0
149,25,574.7,1,1
4,182,4051.48,0,0
130,20,1475.81,1,1
34,103,1474.32,0,0
119,8,156.75,1,1
107,73,2157.73,1,1
11,107,2606.53,0,0
71,54,2059.4500000000003,1,0
92,194,1105.07,1,1
311,14,1063.0,3,1
43,43,770.03,0,0
362,23,122.7,3,1
92,97,1496.98,1,1
1,590,5900.28,0,0
22,14,490.22,0,0
4,124,1937.25,0,0
11,206,1058.06,0,0
99,29,387.52,1,1
57,27,813.11,1,0
1,222,4263.64,0,0
218,3,265.2,3,1
18,1,322.08,0,0
24,224,4481.67,0,0
50,17,363.34000000000003,1,0
7,144,1244.83,0,0
303,17,470.36,3,1
10,382,2255.51,0,0
22,12,1372.8,0,0
99,9,89.06,1,1
366,5,63.0,3,1
306,9,131.9,3,1
320,32,2661.24,3,1
8,55,2357.6800000000003,0,0
1,51,1712.89,0,0
205,63,1589.82,3,1
54,93,1420.2,0,0
1,293,1039.58,0,0
19,70,1163.23,0,0
9,20,375.35,0,0
19,258,907.1,0,0
181,40,483.25,1,1
60,109,662.59,0,0
11,62,264.44,0,0
190,22,119.93,3,1
5,970,3062.4,0,0
311,4,113.64,3,1
155,37,1837.92,1,1
110,16,434.34,1,1
148,180,2103.06,1,1
66,240,2004.02,0,0
98,6,529.62,1,1
247,130,1058.6200000000001,3,1
29,72,2272.4,0,0
18,90,598.76,0,0
12,43,461.19,0,0
104,281,1936.84,0,1
74,7,234.34000000000003,1,0
46,29,547.66,1,0
72,42,925.85,1,0
257,19,215.7,3,1
20,10,1309.6,0,0
254,18,316.25,3,1
11,13,279.05,0,0
165,30,636.51,1,1
18,144,2068.15,0,0
282,9,137.1,3,1
50,14,321.92,1,0
39,47,165.75,0,0
27,144,1196.33,0,0
68,46,1064.28,1,0
207,30,463.38,3,1
175,17,340.93,1,1
7,120,2383.2400000000002,0,0
26,7,139.56,0,0
51,6,123.8,1,0
312,19,538.8100000000001,3,1
309,29,475.37,3,1
43,193,1957.32,0,0
26,194,815.32,0,0
88,7,356.85,1,0
184,10,251.21,1,1
20,624,2470.67,0,0
3,164,3543.26,0,0
47,107,673.26,0,0
17,799,5905.64,0,0
17,316,2012.17,0,0
24,96,1383.18,0,0
22,57,276.42,0,0
11,68,1314.81,0,0
188,23,275.28,3,1
101,12,455.59000000000003,1,1
61,73,1055.35,1,0
18,101,2102.09,0,0
33,18,330.45,0,0
64,16,174.37,1,0
2,4,270.6,0,0
24,17,974.54,0,0
108,12,241.09,1,1
32,203,1867.68,0,0
20,291,4332.2,0,0
3,972,8508.82,0,0
37,18,364.21999999999997,0,0
60,229,620.04,0,0
26,216,2925.91,0,0
236,64,932.85,3,1
25,62,1949.72,0,0
3,519,4447.05,0,0
60,330,2864.19,0,0
260,19,171.8,3,1
58,10,355.56,1,0
65,19,388.25,1,0
16,32,537.48,0,0
10,76,996.26,0,0
59,111,1461.65,0,0
186,5,103.25,3,1
29,72,3630.33,0,0
24,114,2024.45,0,0
5,399,2578.09,0,0
4,366,4007.54,0,0
151,4,652.8,1,1
311,56,289.24,3,1
11,48,765.62,0,0
18,10,186.23,0,0
152,58,165.07,1,1
19,113,859.27,0,0
10,216,2381.04,0,0
57,21,324.14,1,0
85,16,788.38,1,0
7,74,2237.77,0,0
76,69,1080.76,1,0
4,423,5074.77,0,0
96,127,3099.12,1,1
111,4,1432.0,1,1
57,33,1530.3600000000001,1,0
1,12,227.39,0,0
281,29,218.06,3,1
3,270,2832.84,0,0
180,235,1653.42,1,1
372,1,35.400000000000006,3,1
13,123,859.71,0,0
3,24,168.63,0,0
17,17,138.6,0,0
41,6,114.11,1,0
6,330,1052.55,0,0
169,100,1042.26,1,1
50,29,157.05,1,0
277,19,237.36,3,1
19,383,1601.14,0,0
372,3,39.75,3,1
15,197,1447.14,0,0
35,164,570.46,0,0
22,152,617.99,0,0
7,53,379.83,0,0
20,102,1740.6,0,0
11,55,883.15,0,0
44,50,221.97,0,0
306,25,393.33000000000004,3,1
11,7,213.96,0,0
275,2,660.0,3,1
1,2700,12156.65,0,0
16,86,16569.5,0,0
4,20,1785.15,0,0
72,4,601.56,1,0
243,3,406.08000000000004,3,1
9,16,553.44,0,0
246,20,394.44,3,1
206,26,412.78000000000003,3,1
1,92,1788.3600000000001,0,0
185,21,320.58000000000004,1,1
32,134,889.25,0,0
57,13,225.85,1,0
196,53,899.63,3,1
24,122,2791.27,0,0
91,24,671.96,1,1
4,152,959.01,0,0
51,41,1006.98,1,0
263,8,114.56,3,1
266,20,344.90000000000003,3,1
36,28,609.85,0,0
51,16,443.6,1,0
52,172,2984.49,0,0
24,106,2125.08,0,0
22,7,110.46,0,0
59,2,96.12,1,0
170,31,693.8100000000001,1,1
68,26,830.76,1,0
157,30,597.09,1,1
2,2080,280206.02,2,0
201,30,243.22,3,1
5,199,1417.29,0,0
67,102,654.6,1,0
77,29,114.18,1,0
1,237,1947.55,0,0
8,49,1932.23,0,0
169,80,291.05,1,1
18,126,848.22,0,0
5,29,247.15,0,0
9,253,2529.93,0,0
87,30,285.74,1,0
27,4,107.95,0,0
29,168,771.17,0,0
20,99,637.89,0,0
61,90,1835.7,1,0
24,14,195.25,0,0
11,573,9241.2,0,0
242,170,1269.99,3,1
280,132,411.53,3,1
235,61,765.55,3,1
3,74,1736.4,0,0
16,102,604.75,0,0
31,42,2548.2400000000002,0,0
25,258,28754.11,0,0
71,7,498.95,1,0
188,2,52.0,3,1
26,421,1236.28,0,0
107,15,628.38,1,1
8,327,5630.87,0,0
209,13,112.8,3,1
44,50,371.7,0,0
31,71,2114.33,0,0
137,68,591.55,1,1
265,8,172.9,3,1
4,130,2078.95,0,0
218,22,188.60999999999999,3,1
2,210,1250.76,0,0
214,8,109.13000000000001,3,1
32,115,2235.3,0,0
11,335,2549.37,0,0
1,347,3292.14,0,0
15,22,318.17,0,0
11,415,1546.91,0,0
199,1,179.0,3,1
3,28,1126.37,0,0
15,196,4921.04,0,0
14,139,606.13,0,0
10,357,2868.8,0,0
29,25,917.07,0,0
9,339,2666.36,0,0
24,10,160.19,0,0
25,71,867.38,0,0
43,55,329.68,0,0
2,237,1602.13,0,0
6,37,663.81,0,0
147,29,187.92000000000002,1,1
10,278,1158.3,0,0
25,52,718.08,0,0
274,10,268.58,3,1
374,71,313.49,3,1
1,501,2005.06,0,0
47,45,380.02,1,0
8,147,2702.4900000000002,0,0
16,202,9585.91,0,0
4,194,6065.69,0,0
4,17,1164.55,0,0
43,54,1314.45,0,0
4,60,3902.28,0,0
197,89,1448.21,3,1
12,59,1400.34,0,0
16,26,1099.98,0,0
113,69,1220.26,1,1
249,18,328.2,3,1
29,89,1415.75,0,0
44,5,389.64,1,0
87,30,563.15,1,0
45,41,638.05,0,0
10,235,5010.28,0,0
15,38,738.96,0,0
75,19,420.5,1,0
145,71,1484.06,1,1
5,102,1625.97,0,0
297,5,89.2,3,1
59,11,255.9,1,0
264,21,300.52,3,1
47,6,278.3,1,0
29,39,254.11,0,0
8,135,2473.37,0,0
17,5,192.60000000000002,0,0
3,1090,10674.75,0,0
232,52,876.42,3,1
112,9,139.26,1,1
58,60,1011.9,1,0
51,117,2538.3,0,0
127,35,730.86,1,1
281,41,386.15,3,1
55,27,447.68,1,0
320,6,200.10000000000002,3,1
26,15,289.99,0,0
10,3,77.4,0,0
7,30,679.4399999999999,0,0
29,6,197.64,0,0
17,46,745.06,0,0
64,2,6.2,1,0
21,14,228.99,0,0
3,80,1319.91,0,0
166,6,131.45000000000002,1,1
1,1141,8022.49,0,0
53,12,173.74,1,0
51,13,157.7,1,0
48,385,4339.74,0,0
61,59,193.14,1,0
162,44,845.55,1,1
9,12,353.27,0,0
15,47,554.65,0,0
75,11,193.39000000000001,1,0
40,235,2741.17,0,0
41,255,2087.88,0,0
370,30,155.43,3,1
37,53,778.5,0,0
197,4,271.85,3,1
200,63,1110.34,3,1
74,48,657.8,1,0
64,13,272.07,1,0
21,29,507.29,0,0
367,2,48.800000000000004,3,1
180,70,321.43,1,1
10,29,1127.71,0,0
4,121,2226.91,0,0
197,17,2139.76,3,1
29,42,697.55,0,0
53,40,197.13,1,0
18,67,1720.3,0,0
10,6,102.44999999999999,0,0
90,108,1649.5,1,0
268,4,62.85,3,1
53,138,3295.76,0,0
44,145,2824.69,0,0
64,130,3189.81,0,0
149,13,309.4,1,1
22,388,7930.54,0,0
312,21,325.75,3,1
23,28,511.35,0,0
58,143,2836.69,0,0
24,9,475.8,0,0
78,127,2759.83,1,0
119,20,645.65,1,1
36,66,1311.3799999999999,0,0
60,60,1173.12,1,0
13,58,1353.74,0,0
19,11,170.32,0,0
52,6,125.79,1,0
26,48,841.1999999999999,0,0
29,11,266.76,0,0
7,4,52.2,0,0
11,99,14389.9,0,0
186,36,710.28,3,1
3,144,2953.59,0,0
9,71,725.7,0,0
262,13,327.25,3,1
3,98,522.38,0,0
210,28,519.68,3,1
108,47,1465.3200000000002,1,1
13,124,1485.54,0,0
77,47,706.19,1,0
20,17,255.4,0,0
27,11,589.7,0,0
19,53,761.59,0,0
132,15,765.3199999999999,1,1
253,18,364.8,3,1
79,6,1862.0,1,0
207,20,369.2,3,1
336,10,135.9,3,1
254,7,125.65,3,1
148,33,554.38,1,1
10,73,1237.8500000000001,0,0
85,23,655.75,1,0
8,498,11138.710000000001,0,0
205,43,468.77000000000004,3,1
8,55,1366.38,0,0
23,116,1303.52,0,0
11,96,1421.29,0,0
26,20,332.66,0,0
21,355,2810.63,0,0
2,69,1025.44,0,0
158,17,616.15,1,1
3,165,3501.1,0,0
74,9,277.8,1,0
3,30,434.35,0,0
1,5677,143825.06,2,0
17,27,867.85,0,0
36,87,1227.43,0,0
91,12,307.48,1,1
71,77,1268.98,1,0
116,45,1610.15,1,1
213,57,977.77,3,1
30,78,1316.07,0,0
51,44,749.1,1,0
246,10,310.05,3,1
32,11,223.88,0,0
109,128,2372.86,1,1
5,41,1257.68,0,0
366,17,363.53,3,1
82,87,1890.94,1,0
297,10,1784.71,3,1
34,364,8137.02,0,0
57,34,1621.88,1,0
30,170,5900.25,0,0
14,3,100.9,0,0
72,14,290.82,1,0
23,63,1101.97,0,0
19,19,371.2,0,0
79,20,311.69,1,0
60,138,8099.49,0,0
25,55,289.82,0,0
12,85,336.17,0,0
253,12,58.49,3,1
147,42,499.68,1,1
64,59,695.42,1,0
8,27,221.27,0,0
11,312,7044.68,0,0
271,5,126.7,3,1
10,198,1487.8,0,0
247,13,206.21,3,1
96,83,599.0,1,1
15,38,191.32,0,0
50,6,463.8,1,0
30,37,147.59,0,0
68,34,1592.06,1,0
35,160,1116.57,0,0
128,18,114.77,1,1
107,32,1314.45,1,1
37,21,114.39,0,0
57,11,279.94,1,0
57,72,790.86,1,0
72,216,1931.42,0,0
246,8,102.12,3,1
19,41,213.27,0,0
198,87,296.75,3,1
16,4,326.4,0,0
212,40,334.54,3,1
39,61,233.23000000000002,0,0
46,26,546.1999999999999,1,0
170,75,429.87,1,1
48,77,490.52,0,0
116,115,1641.76,1,1
147,158,1246.32,1,1
16,1119,6316.57,0,0
51,144,502.09,0,0
159,12,156.91,1,1
12,182,1261.78,0,0
36,20,308.94,0,0
54,128,423.04,0,0
43,35,260.17,1,0
173,20,170.04,1,1
34,20,125.58,0,0
39,31,496.21000000000004,0,0
267,70,266.0,3,1
9,472,1914.82,0,0
12,135,905.04,0,0
3,562,6802.76,0,0
10,155,1661.33,0,0
33,72,377.01,0,0
80,61,469.0,1,0
31,35,1066.1499999999999,0,0
8,48,627.13,0,0
72,7,518.28,1,0
4,111,668.14,0,0
256,52,4959.1,3,1
5,510,2586.67,0,0
16,394,4308.61,0,0
90,27,252.73000000000002,1,0
72,127,465.55,1,0
59,130,705.49,0,0
10,1502,19914.44,0,0
170,67,180.35,1,1
199,5,135.93,3,1
31,3,537.0,0,0
19,453,7700.2300000000005,0,0
152,12,735.66,1,1
9,206,5213.7699999999995,0,0
270,22,343.62,3,1
65,97,384.05,1,0
274,3,121.17000000000002,3,1
25,78,1782.09,0,0
23,143,1391.61,0,0
319,30,215.78,3,1
5,71,697.79,0,0
12,114,302.1,0,0
275,25,1489.5,3,1
25,276,2124.9900000000002,0,0
41,237,1337.72,0,0
8,121,303.09,0,0
4,403,54534.14,0,0
71,57,987.86,1,0
213,5,370.79999999999995,3,1
38,155,3158.13,0,0
53,42,893.59,1,0
78,82,1744.76,1,0
46,104,553.36,0,0
179,70,1109.53,1,1
373,1,106.2,3,1
94,26,982.07,1,1
10,54,1043.41,0,0
105,42,748.87,1,1
78,27,773.03,1,0
173,49,880.85,1,1
7,440,9743.11,0,0
213,47,895.61,3,1
22,33,504.8,0,0
257,5,88.2,3,1
282,15,306.94,3,1
21,57,1160.07,0,0
10,145,2420.84,0,0
308,23,381.32,3,1
68,30,480.71,1,0
215,26,457.81,3,1
18,108,4597.02,0,0
104,47,1370.6,1,1
43,11,219.39000000000001,1,0
4,25,248.08,0,0
182,3,39916.5,1,1
84,23,410.48,1,0
334,3,876.0,3,1
9,8,317.53,0,0
31,35,703.36,0,0
197,69,1027.44,3,1
18,101,2298.93,0,0
18,100,1422.52,0,0
311,17,319.5,3,1
142,60,1300.25,1,1
246,28,484.95,3,1
24,35,996.1,0,0
29,84,1567.48,0,0
10,100,3609.33,0,0
30,197,2760.56,0,0
18,21,340.11,0,0
18,45,1352.75,0,0
15,79,1551.78,0,0
134,1,244.8,1,1
246,14,266.4,3,1
134,21,358.82,1,1
50,28,457.72,1,0
114,82,1633.78,1,1
7,106,2199.31,0,0
23,15,184.19,0,0
25,127,11528.48,0,0
66,16,406.53,1,0
60,102,1471.0,0,0
50,84,3447.4,0,0
170,22,330.11,1,1
18,52,977.9300000000001,0,0
128,29,982.42,1,1
15,73,1387.99,0,0
239,9,139.05,3,1
3,68,1286.7,0,0
240,13,178.96,3,1
52,80,2354.25,0,0
46,26,498.74,1,0
226,14,259.45,3,1
8,217,6580.44,0,0
4,67,1194.73,0,0
165,91,1327.16,1,1
240,28,623.5,3,1
11,20,301.29,0,0
134,23,520.8000000000001,1,1
17,343,5314.47,0,0
10,271,4745.69,0,0
31,22,329.25,0,0
75,85,296.42,1,0
1,55,961.49,0,0
4,125,1936.07,0,0
45,7,401.40000000000003,1,0
2,710,18641.010000000002,0,0
357,4,158.16,3,1
18,29,304.47,0,0
69,103,843.05,1,0
373,27,487.75,3,1
321,41,163.0,3,1
26,5,106.56,0,0
331,5,1289.5,3,1
9,110,1624.05,0,0
323,11,135.75,3,1
72,23,224.14,1,0
260,3,40.5,3,1
18,93,2206.95,0,0
367,6,87.5,3,1
66,16,689.4799999999999,1,0
154,29,622.85,1,1
29,63,406.76,0,0
70,21,310.62,1,0
14,19,411.41,0,0
2,91,4777.18,0,0
1,212,16225.39,0,0
120,51,1044.32,1,1
61,19,499.32,1,0
3,310,7616.53,0,0
3,1,3861.0,0,0
11,32,1079.6100000000001,0,0
92,10,193.64,1,1
59,13,1268.7,1,0
87,69,1236.54,1,0
26,142,1827.8,0,0
357,9,316.58,3,1
85,37,653.24,1,0
10,9,420.29999999999995,0,0
1,42,870.12,0,0
225,20,331.18,3,1
60,52,894.4100000000001,1,0
241,5,101.8,3,1
319,24,328.35,3,1
2,110,1661.44,0,0
47,35,734.94,1,0
88,2,96.6,1,0
11,166,5756.89,0,0
176,9,305.75,1,1
52,117,1778.96,0,0
366,5,403.25,3,1
319,5,585.0,3,1
226,20,755.75,3,1
358,14,322.08,3,1
234,23,409.40000000000003,3,1
311,8,154.41,3,1
37,58,1219.4,0,0
66,125,3386.71,0,0
239,23,429.6,3,1
113,31,612.06,1,1
277,14,197.0,3,1
218,143,2247.51,3,1
299,15,321.05,3,1
2,99,1412.32,0,0
29,50,1071.99,0,0
10,49,780.59,0,0
45,78,1706.57,0,0
67,110,1756.44,1,0
74,22,316.68,1,0
65,34,631.57,1,0
134,89,2515.84,1,1
238,33,514.15,3,1
122,6,356.0,1,1
32,350,6688.46,0,0
9,111,10484.99,0,0
36,44,740.78,0,0
16,53,918.1999999999999,0,0
127,18,300.36,1,1
67,47,890.85,1,0
149,6,98.45,1,1
283,7,317.15,3,1
169,34,623.16,1,1
100,77,1810.77,1,1
135,19,254.82,1,1
324,10,178.95000000000002,3,1
107,12,156.51,1,1
64,23,393.74,1,0
151,82,1506.1200000000001,1,1
338,6,119.3,3,1
22,11,1717.36,0,0
24,2,408.8,0,0
16,41,2379.49,0,0
7,274,2507.07,0,0
57,63,721.94,1,0
4,47,716.57,0,0
38,41,615.14,0,0
66,52,135.31,1,0
47,12,255.89999999999998,1,0
355,19,290.51,3,1
172,16,113.12,1,1
59,139,2332.15,0,0
50,3,240.55,1,0
22,20,486.69,0,0
43,88,2306.52,0,0
29,58,939.78,0,0
5,204,7943.22,0,0
26,103,4668.3,0,0
201,25,180.94,3,1
51,194,3672.86,0,0
10,39,641.94,0,0
2,192,4799.9,0,0
67,7,4507.01,1,0
64,28,496.44,1,0
51,243,5070.35,0,0
290,31,574.02,3,1
61,23,694.4000000000001,1,0
64,58,1174.35,1,0
96,12,205.3,1,1
274,19,310.47,3,1
1,2379,60767.9,2,0
75,47,924.85,1,0
110,1,52.0,1,1
199,24,327.97,3,1
64,37,570.5,1,0
327,1,165.0,3,1
4,33,312.62,0,0
284,16,204.5,3,1
44,36,267.13,1,0
71,95,2748.31,1,0
86,42,679.68,1,0
104,49,162.29,1,1
334,29,311.71,3,1
53,10,208.75,1,0
39,57,1049.7,0,0
32,13,714.96,0,0
366,35,1661.06,3,1
208,16,1028.56,3,1
157,99,351.67,1,1
54,36,173.97,1,0
66,86,574.07,1,0
81,17,2020.52,1,0
130,24,406.09,1,1
87,21,364.5,1,0
1,26,563.94,0,0
46,20,393.54,1,0
333,17,252.42000000000002,3,1
366,5,201.60000000000002,3,1
72,9,158.04,1,0
158,72,473.81,1,1
373,5,115.65,3,1
12,225,1960.1100000000001,0,0
255,63,777.02,3,1
29,14,277.05,0,0
31,519,2766.5,0,0
5,551,8347.2,0,0
40,13,427.93,1,0
362,7,418.92,3,1
373,16,326.0,3,1
96,29,913.19,1,1
26,114,2314.32,0,0
75,44,602.51,1,0
57,95,1877.59,0,0
21,4,446.94000000000005,0,0
41,94,2386.05,0,0
137,27,2007.3999999999999,1,1
8,132,2415.91,0,0
129,3,168.0,1,1
40,117,1233.3600000000001,0,0
169,194,3703.29,1,1
9,36,1690.2600000000002,0,0
214,8,596.85,3,1
15,302,5955.71,0,0
170,41,642.41,1,1
40,12,316.88,1,0
186,31,394.14,3,1
270,10,140.54,3,1
172,1,500.0,1,1
5,84,1535.53,0,0
16,12,231.86,0,0
10,85,2183.54,0,0
326,7,107.45,3,1
113,14,288.18,1,1
290,6,94.0,3,1
16,73,1345.53,0,0
1,50,815.77,0,0
92,12,716.2,1,1
149,42,626.77,1,1
189,8,349.1,3,1
31,53,510.71000000000004,0,0
34,153,1056.44,0,0
264,34,267.18,3,1
84,122,3450.84,1,0
26,99,1358.88,0,0
171,10,190.53,1,1
10,39,774.9000000000001,0,0
313,48,572.8100000000001,3,1
65,192,3984.32,0,0
85,28,508.8,1,0
25,8,135.86,0,0
59,53,950.36,1,0
323,6,97.7,3,1
38,2,43.5,1,0
254,17,383.34,3,1
19,292,1447.39,0,0
33,306,1483.14,0,0
15,6,93.78,0,0
27,82,397.35,0,0
23,10,171.19,0,0
214,41,533.3,3,1
8,55,1041.48,0,0
22,29,149.29,0,0
12,329,1122.53,0,0
262,45,200.16,3,1
131,25,156.57999999999998,1,1
55,62,383.68,1,0
249,2,594.0,3,1
2,382,3236.91,0,0
9,219,1418.26,0,0
264,5,113.5,3,1
331,9,155.17,3,1
313,28,494.64,3,1
26,60,974.52,0,0
30,30,429.84,0,0
30,58,538.73,0,0
2,286,1388.37,0,0
362,25,179.1,3,1
283,60,447.22,3,1
262,58,237.07,3,1
25,7,161.64,0,0
354,58,216.76,3,1
94,11,234.6,1,1
29,7,126.14,0,0
338,157,1048.85,3,1
20,97,7354.62,0,0
85,57,334.53,1,0
9,52,524.88,0,0
51,24,467.51,1,0
50,24,538.55,1,0
2,77,469.48,0,0
113,76,371.56,1,1
14,11,1771.2,0,0
77,29,454.10999999999996,1,0
40,46,1441.42,0,0
116,45,905.5,1,1
16,98,11054.96,0,0
161,88,233.81,1,1
1,188,3594.31,0,0
30,86,2575.0,0,0
93,2,91.32000000000001,1,1
23,50,1134.28,0,0
95,154,3100.09,1,1
28,35,659.4599999999999,0,0
33,297,2001.8,0,0
21,125,1299.23,0,0
18,15,1262.2,0,0
3,512,13316.4,0,0
8,68,1131.56,0,0
16,213,10384.93,0,0
363,70,147.09,3,1
81,13,52.83,1,0
53,97,3610.96,0,0
23,164,979.26,0,0
172,46,492.36,1,1
189,92,1000.27,3,1
331,1,250.0,3,1
12,160,909.23,0,0
156,7,121.0,1,1
33,308,14758.220000000001,0,0
12,178,4139.46,0,0
45,15,62.43,1,0
233,27,267.03,3,1
64,214,1942.45,0,0
2,18,343.5,0,0
40,185,3000.2,0,0
33,57,398.84,0,0
84,10,412.01000000000005,1,0
25,1,440.0,0,0
2,178,825.92,0,0
33,4,148.44,0,0
19,163,2429.78,0,0
254,26,229.33,3,1
23,672,3995.23,0,0
22,108,1502.35,0,0
8,228,2007.44,0,0
25,256,1580.93,0,0
19,83,807.57,0,0
173,75,536.4,1,1
163,24,110.92,1,1
7,41,538.46,0,0
11,15,213.3,0,0
114,29,85.13000000000001,1,1
288,28,127.86,3,1
9,259,3546.71,0,0
54,81,292.71999999999997,0,0
7,702,4954.84,0,0
77,115,1693.26,1,0
4,61,575.63,0,0
37,29,436.06,0,0
217,17,90.12,3,1
60,56,437.23,1,0
278,14,217.2,3,1
12,899,4805.17,0,0
24,31,279.77,0,0
29,20,473.65000000000003,0,0
12,27,800.59,0,0
352,1,134.55,3,1
22,113,1400.44,0,0
50,8,173.16,1,0
19,7,186.01,0,0
3,53,758.29,0,0
104,31,1375.71,1,1
7,323,4165.52,0,0
12,57,650.4300000000001,0,0
5,215,2552.86,0,0
32,104,607.45,0,0
178,168,702.25,1,1
38,45,940.6700000000001,0,0
151,39,258.88,1,1
162,13,127.1,1,1
69,51,348.6,1,0
121,150,3679.9700000000003,1,1
25,44,682.9100000000001,0,0
24,123,725.11,0,0
177,31,455.3,1,1
50,9,913.6800000000001,1,0
256,29,478.53000000000003,3,1
47,24,388.58,1,0
71,5,199.8,1,0
16,103,1771.78,0,0
101,77,1406.59,1,1
35,22,324.57,0,0
53,14,240.68,1,0
27,52,761.74,0,0
11,410,6776.56,0,0
8,47,1297.8700000000001,0,0
79,2,48.480000000000004,1,0
52,17,216.39,1,0
36,67,1198.23,0,0
61,77,2920.16,1,0
337,13,104.76,3,1
28,60,1093.68,0,0
184,16,298.48,1,1
52,6,112.46000000000001,1,0
10,43,1591.45,0,0
36,6,195.15,1,0
10,423,10399.74,0,0
33,45,776.851,0,0
11,3,336.40000000000003,0,0
57,100,1553.18,0,0
4,16,1293.03,0,0
43,185,3709.56,0,0
141,19,301.03,1,1
117,34,588.13,1,1
104,64,1534.26,1,1
75,49,675.8,1,0
5,155,2870.2400000000002,0,0
45,60,1186.35,0,0
16,167,3285.31,0,0
17,15,243.55,0,0
90,25,724.76,1,0
53,15,223.36,1,0
134,25,425.32,1,1
4,484,12515.66,0,0
105,119,1887.2,1,1
192,33,664.0,3,1
166,238,813.0,1,1
19,52,612.01,0,0
158,35,447.64000000000004,1,1
204,25,657.35,3,1
336,2,816.0,3,1
37,32,646.3,0,0
91,21,337.74,1,1
93,6,877.4399999999999,1,1
9,21,922.53,0,0
243,34,560.67,3,1
45,47,748.5,0,0
23,1,30.0,0,0
190,48,1024.1000000000001,3,1
44,11,306.45,1,0
25,90,1600.86,0,0
317,5,309.8,3,1
106,9,138.14,1,1
51,17,386.43,1,0
168,116,2242.01,1,1
40,13,301.32,1,0
218,1,76.32000000000001,3,1
40,33,684.34,0,0
297,12,173.05,3,1
19,78,2657.13,0,0
88,155,2881.02,1,0
73,114,2446.6,1,0
81,21,323.69,1,0
19,202,3435.76,0,0
49,33,657.23,1,0
53,12,352.7,1,0
24,110,781.28,0,0
9,78,1333.68,0,0
25,53,1426.16,0,0
117,10,193.75,1,1
9,166,2993.1,0,0
120,9,254.1,1,1
4,19,239.76,0,0
252,2,136.8,3,1
28,12,191.04,0,0
1,78,6479.4,0,0
267,22,409.98,3,1
33,171,2736.46,0,0
18,18,309.65,0,0
172,86,696.68,1,1
2,237,1542.14,0,0
265,5,211.5,3,1
140,117,2293.62,1,1
201,6,143.1,3,1
64,55,1060.56,1,0
35,214,945.58,0,0
41,288,3364.2400000000002,0,0
284,6,133.25,3,1
9,53,1072.3600000000001,0,0
143,19,356.7,1,1
12,35,330.88,0,0
146,118,1118.81,1,1
234,7,150.3,3,1
33,937,5045.61,0,0
24,128,598.73,0,0
12,91,507.08,0,0
36,69,2222.56,0,0
365,41,203.1,3,1
201,11,218.25,3,1
15,32,415.25,0,0
17,302,5178.96,0,0
213,5,85.0,3,1
66,70,1120.88,1,0
212,14,294.12,3,1
283,10,162.3,3,1
115,26,1339.45,1,1
15,72,1205.1200000000001,0,0
19,173,4812.42,0,0
66,8,449.12,1,0
49,9,154.88,1,0
16,88,784.46,0,0
78,3,34.8,1,0
19,62,1094.59,0,0
134,28,196.88,1,1
13,93,974.04,0,0
40,21,149.31,1,0
235,10,44534.3,3,1
3,293,2465.48,0,0
40,411,2637.38,0,0
305,1,79.2,3,1
51,28,458.57,1,0
10,141,2364.25,0,0
61,192,532.96,0,0
66,45,714.42,1,0
25,9,205.25,0,0
218,7,253.04,3,1
65,37,583.75,1,0
32,61,1086.92,0,0
88,180,3279.97,1,0
64,11,315.06,1,0
116,27,621.8299999999999,1,1
7,130,56252.72,0,0
6,10,635.6800000000001,0,0
69,25,270.8,1,0
245,7,104.9,3,1
133,18,241.62,1,1
241,21,1047.11,3,1
184,29,475.28000000000003,1,1
25,20,345.46,0,0
10,43,2614.7400000000002,0,0
11,14,246.3,0,0
33,83,2328.9700000000003,0,0
46,267,4932.2,0,0
26,206,948.05,0,0
358,25,351.3,3,1
10,35,220.85,0,0
44,75,1612.69,0,0
15,12,965.61,0,0
150,42,610.01,1,1
1,133,2711.56,0,0
113,8,2207.4,1,1
76,98,884.14,1,0
107,119,699.08,1,1
46,64,1063.95,0,0
143,1,451.42,1,1
51,8,415.82000000000005,1,0
1,263,4206.39,0,0
23,301,5528.4800000000005,0,0
46,31,784.58,1,0
50,48,903.9,1,0
306,208,3734.9700000000003,3,1
36,35,515.77,0,0
79,89,1391.98,1,0
22,133,2218.62,0,0
107,41,1801.14,1,1
208,40,1303.9099999999999,3,1
17,72,1945.33,0,0
64,49,2100.6,1,0
49,123,1905.45,0,0
320,17,206.98,3,1
44,62,570.96,0,0
3,33,885.47,0,0
372,1,15.0,3,1
172,20,532.94,1,1
56,68,1654.31,1,0
73,115,1836.0900000000001,1,0
99,51,636.14,1,1
38,39,576.0,0,0
58,68,801.76,1,0
254,54,836.79,3,1
70,273,2233.75,0,0
44,50,954.09,0,0
50,10,137.37,1,0
65,24,391.98,1,0
11,167,33643.08,0,0
33,62,1048.49,0,0
59,27,355.56,1,0
73,47,1224.06,1,0
304,8,118.95000000000002,3,1
46,11,130.73999999999998,1,0
18,138,3711.77,0,0
38,22,389.27,0,0
19,97,238.85,0,0
187,22,160.71,3,1
52,30,110.8,1,0
4,140,2974.65,0,0
137,80,712.24,1,1
4,645,16387.57,0,0
19,14,297.0,0,0
16,191,1438.85,0,0
41,142,977.21,0,0
12,546,3165.36,0,0
8,147,832.88,0,0
26,18,68.84,0,0
22,20,1936.3200000000002,0,0
41,40,895.13,0,0
101,45,230.53,1,1
5,461,3812.64,0,0
277,15,149.64,3,1
33,76,354.09000000000003,0,0
15,128,360.93,0,0
64,120,4405.88,0,0
2,129,493.28,0,0
369,105,343.28000000000003,3,1
312,29,501.39000000000004,3,1
199,23,516.36,3,1
2,49,396.48,0,0
93,18,379.35,1,1
60,12,181.09,1,0
81,12,168.31,1,0
157,93,446.87,1,1
227,62,524.52,3,1
253,41,263.55,3,1
150,11,179.17,1,1
194,24,222.05,3,1
1,86,1388.88,0,0
369,4,56.25,3,1
24,51,351.11,0,0
17,116,363.88,0,0
10,74,5126.76,0,0
8,30,164.68,0,0
20,150,1567.69,0,0
4,249,967.45,0,0
174,7,191.94,1,1
1,267,1232.18,0,0
178,19,264.62,1,1
16,155,1528.09,0,0
248,12,123.1,3,1
191,40,334.23,3,1
20,143,639.89,0,0
154,60,167.5,1,1
173,25,336.03000000000003,1,1
373,11,369.5,3,1
373,21,127.08,3,1
194,12,207.15,3,1
67,21,426.63,1,0
4,115,2495.87,0,0
21,74,1107.46,0,0
239,12,416.86,3,1
64,7,145.35,1,0
112,18,404.58,1,1
90,76,6115.01,1,0
311,1,35.8,3,1
134,14,337.44,1,1
277,6,325.1,3,1
365,2,181.0,3,1
83,29,1708.24,1,0
8,60,955.24,0,0
17,19,364.72,0,0
32,98,1765.51,0,0
9,41,708.22,0,0
34,91,806.57,0,0
15,98,1659.3799999999999,0,0
24,183,4416.26,0,0
32,42,428.89,0,0
74,7,104.35,1,0
20,28,470.76,0,0
17,122,845.64,0,0
23,84,418.83,0,0
3,20,666.1,0,0
304,11,314.1,3,1
18,35,4199.85,0,0
367,4,307.82000000000005,3,1
39,176,3442.15,0,0
84,24,371.01,1,0
165,98,430.94,1,1
17,65,1054.73,0,0
77,49,1098.78,1,0
89,43,2398.86,1,0
25,97,3408.48,0,0
22,113,1475.02,0,0
3,270,2837.67,0,0
123,37,1142.42,1,1
30,14,168.12,0,0
12,140,1451.28,0,0
19,27,158.03,0,0
44,52,792.11,0,0
4,3,41.989999999999995,0,0
9,552,2797.57,0,0
55,35,427.07,1,0
88,130,1060.68,1,0
37,506,3089.97,0,0
3,9,12393.7,0,0
30,103,2735.37,0,0
12,218,615.39,0,0
211,8,101.4,3,1
48,385,1701.94,0,0
24,33,478.78,0,0
22,90,992.71,0,0
246,86,407.5,3,1
8,212,3362.71,0,0
35,94,1415.29,0,0
4,139,37130.6,0,0
38,145,662.38,0,0
4,182,705.39,0,0
3,235,1508.76,0,0
47,32,211.88,1,0
39,28,408.90000000000003,0,0
47,160,3786.2400000000002,0,0
17,46,851.01,0,0
260,76,628.28,3,1
46,101,719.81,0,0
12,64,251.24,0,0
30,28,439.65999999999997,0,0
43,32,236.09,1,0
92,16,934.62,1,1
39,242,81024.84,0,0
310,29,331.24,3,1
92,100,548.94,1,1
6,1137,8816.4,0,0
196,22,437.7,3,1
87,55,758.92,1,0
270,39,855.02,3,1
8,26,471.78000000000003,0,0
65,65,1313.55,1,0
31,6,3166.4,0,0
22,71,1197.27,0,0
38,39,773.99,0,0
120,83,1340.7,1,1
373,8,256.44,3,1
40,312,1111.79,0,0
174,10,137.9,1,1
54,34,362.06,1,0
33,84,1511.95,0,0
145,70,783.9,1,1
221,8,134.8,3,1
45,68,664.85,0,0
16,121,2263.12,0,0
66,180,1459.8600000000001,0,0
10,64,1153.62,0,0
260,23,335.32,3,1
365,74,372.09,3,1
17,102,1521.87,0,0
22,33,852.15,0,0
45,21,326.24,1,0
288,23,584.3199999999999,3,1
297,1,122.39999999999999,3,1
3,129,2234.73,0,0
284,1,79.2,3,1
17,21,1352.0,0,0
82,10,217.16,1,0
56,227,2806.9,0,0
101,31,1317.62,1,1
299,38,436.18,3,1
23,167,981.51,0,0
59,39,1121.39,1,0
155,18,315.06,1,1
115,51,817.86,1,1
107,1,17.0,1,1
12,63,1078.23,0,0
264,12,320.62,3,1
240,10,185.04999999999998,3,1
88,67,2005.63,1,0
50,39,731.9,1,0
71,76,1290.7,1,0
42,57,1842.14,0,0
7,48,1429.64,0,0
62,29,302.36,1,0
249,13,336.96,3,1
66,6,108.38,1,0
18,31,3204.1600000000003,0,0
85,48,842.5,1,0
219,18,611.88,3,1
45,354,1337.48,0,0
143,16,195.73999999999998,1,1
183,30,161.38,1,1
171,8,135.75000000000003,1,1
10,284,1667.97,0,0
212,34,612.78,3,1
190,30,232.21,3,1
8,16,423.36,0,0
59,30,1309.14,1,0
57,212,867.11,0,0
73,38,684.4200000000001,1,0
52,16,307.78,1,0
317,11,249.0,3,1
367,13,289.35,3,1
29,117,6287.77,0,0
39,40,656.25,0,0
18,89,1880.22,0,0
52,78,3506.54,0,0
4,339,14589.04,0,0
22,35,618.09,0,0
263,21,517.55,3,1
60,37,709.38,1,0
19,31,635.41,0,0
66,35,725.18,1,0
88,30,620.4,1,0
250,37,535.34,3,1
3,117,2424.94,0,0
247,1,175.2,3,1
9,224,3799.4900000000002,0,0
157,29,734.13,1,1
134,22,375.0,1,1
296,1,76.32000000000001,3,1
5,18,280.52,0,0
43,117,2053.02,0,0
269,29,1829.04,3,1
50,89,1824.23,0,0
9,130,3122.04,0,0
16,18,656.69,0,0
282,14,348.2,3,1
65,20,1025.44,1,0
2,474,5575.56,0,0
252,2,37.4,3,1
232,6,856.6,3,1
17,34,822.48,0,0
11,98,3787.6,0,0
8,85,1822.97,0,0
51,125,1885.05,0,0
59,3,73.2,1,0
95,69,1140.21,1,1
16,84,1418.32,0,0
126,23,1009.5500000000001,1,1
94,58,1037.59,1,1
50,15,331.95,1,0
138,8,197.9,1,1
61,11,215.83,1,0
100,162,10254.18,0,1
73,11,305.54,1,0
72,28,6617.65,1,0
67,15,338.71000000000004,1,0
64,45,1158.79,1,0
17,31,529.41,0,0
23,218,4006.94,0,0
32,295,6911.4400000000005,0,0
45,67,981.86,0,0
16,11,215.48,0,0
40,6,215.08,1,0
3,134,5180.52,0,0
237,19,314.45,3,1
75,15,400.68100000000004,1,0
4,179,1080.6200000000001,0,0
3,111,1863.47,0,0
361,18,365.27,3,1
59,35,592.9,1,0
23,57,405.71,0,0
31,98,761.38,0,0
55,63,537.0600000000001,1,0
25,19,394.38,0,0
45,66,664.26,0,0
89,46,2262.62,1,0
2,123,21086.3,0,0
89,23,547.02,1,0
19,41,690.34,0,0
79,6,159.0,1,0
171,44,1062.75,1,1
81,14,242.35,1,0
267,37,914.9300000000001,3,1
235,15,304.25,3,1
30,84,3084.68,0,0
37,97,864.86,0,0
318,137,846.72,3,1
57,96,1295.3,0,0
45,134,1096.32,0,0
203,8,255.12,3,1
225,6,314.22,3,1
87,47,1010.6,1,0
190,35,542.03,3,1
44,37,990.88,0,0
71,22,536.6800000000001,1,0
41,46,867.31,0,0
78,20,432.2,1,0
57,19,414.2,1,0
24,135,3718.8,0,0
10,662,2607.87,0,0
8,294,3603.21,0,0
34,51,409.1,0,0
212,91,1522.75,3,1
24,90,1413.66,0,0
170,16,114.56,1,1
62,7,152.94,1,0
53,69,1800.07,0,0
261,24,389.44,3,1
67,123,3683.86,0,0
17,270,2619.91,0,0
267,13,752.4300000000001,3,1
177,2,46.95,1,1
45,135,5203.51,0,0
51,18,1035.45,1,0
17,124,746.83,0,0
9,258,5447.0,0,0
74,61,861.89,1,0
71,45,667.65,1,0
353,54,1141.24,3,1
3,133,1429.24,0,0
117,25,411.7,1,1
373,67,357.95,3,1
197,33,559.87,3,1
177,6,810.6000000000001,1,1
100,23,566.38,1,1
21,107,1509.58,0,0
72,17,2062.06,1,0
340,11,168.3,3,1
6,166,1570.81,0,0
31,109,823.97,0,0
170,8,142.5,1,1
122,17,302.25,1,1
22,118,2248.9900000000002,0,0
10,79,1328.55,0,0
269,20,301.9,3,1
23,27,598.2,0,0
127,11,233.22,1,1
26,162,5360.63,0,0
139,22,361.21999999999997,1,1
214,41,632.27,3,1
38,4,2560.0,0,0
106,42,706.57,1,1
18,37,616.26,0,0
3,16,274.15000000000003,0,0
331,14,226.37,3,1
64,151,2938.91,0,0
120,69,1341.65,1,1
35,19,328.15,0,0
218,3,404.40000000000003,3,1
172,56,1038.46,1,1
72,12,373.65000000000003,1,0
1,37,326.75,0,0
196,1,207.50000000000003,3,1
128,118,428.68,1,1
47,18,594.24,1,0
6,319,3110.96,0,0
14,319,3844.22,0,0
18,39,251.91,0,0
28,153,1593.2,0,0
8,45,26626.8,0,0
37,10,151.05,1,0
157,11,214.79999999999998,1,1
284,20,109.95,3,1
107,153,549.07,1,1
25,77,1971.87,0,0
75,15,322.41,1,0
16,47,370.47999999999996,0,0
158,2,101.10000000000001,1,1
44,38,575.41,0,0
11,92,887.65,0,0
32,235,1469.45,0,0
291,9,53.5,3,1
21,57,1116.47,0,0
333,8,153.9,3,1
18,28,494.44,0,0
4,94,6675.71,0,0
63,39,395.8,1,0
198,31,211.77,3,1
33,34,658.88,0,0
1,109,2027.5,0,0
7,66,1750.92,0,0
5,662,3512.53,0,0
10,106,896.66,0,0
32,81,734.77,0,0
53,5,109.36000000000001,1,0
12,53,707.04,0,0
18,51,1540.42,0,0
19,18,327.3,0,0
37,130,804.49,0,0
2,76,497.43,0,0
18,118,1553.66,0,0
82,228,1320.56,0,0
33,97,367.93,0,0
66,111,473.03000000000003,1,0
9,125,987.01,0,0
267,5,676.2,3,1
247,23,362.95,3,1
4,108,2157.4,0,0
61,32,1780.59,1,0
75,102,668.36,1,0
90,33,584.5,1,0
60,59,555.89,1,0
29,88,317.2,0,0
323,4,94.36,3,1
53,34,1382.07,1,0
270,45,221.19,3,1
2,330,3046.21,0,0
57,83,1555.34,0,0
61,210,1486.9,0,0
154,82,1705.8,1,1
19,73,408.57,0,0
95,29,303.93,1,1
1,186,4098.32,0,0
265,60,299.6,3,1
312,10,177.5,3,1
70,23,443.05,1,0
302,5,167.25,3,1
19,63,163.07,0,0
13,172,2126.93,0,0
36,232,2028.88,0,0
19,45,214.65,0,0
54,35,151.83,1,0
57,31,262.2,1,0
22,7,126.25,0,0
44,54,210.35,0,0
27,71,1051.4,0,0
45,102,675.27,0,0
113,51,972.23,1,1
17,369,34684.4,0,0
25,18,346.12,0,0
191,5,133.56,3,1
302,21,302.7,3,1
2,372,1908.25,0,0
263,9,241.06,3,1
106,2,284.55,1,1
57,6,300.85,1,0
213,83,642.81,3,1
64,8,287.4,1,0
28,17,184.26,0,0
29,109,1522.25,0,0
6,132,798.35,0,0
8,282,3640.67,0,0
67,24,381.2,1,0
2,174,616.79,0,0
46,84,654.67,0,0
34,63,230.51,0,0
1,3,168472.5,2,0
136,36,259.01,1,1
198,20,188.89000000000001,3,1
198,40,707.69,3,1
150,11,311.92,1,1
88,14,266.97,1,0
45,2,6.9,1,0
64,99,1841.18,1,0
99,111,2158.37,1,1
218,9,208.36,3,1
3,202,3482.7400000000002,0,0
28,135,814.72,0,0
178,33,151.42,1,1
74,3,136.0,1,0
21,82,1422.4,0,0
20,236,1314.68,0,0
34,148,1603.46,0,0
74,2,74.9,1,0
24,182,650.43,0,0
52,170,762.39,0,0
275,13,223.95000000000002,3,1
165,18,316.11,1,1
7,360,1871.5,0,0
88,28,544.3,1,0
64,146,2494.46,0,0
25,17,331.0,0,0
10,35,300.83,0,0
76,53,769.29,1,0
16,18,220.62,0,0
192,19,139.35,3,1
174,25,404.3,1,1
77,42,363.65,1,0
33,29,498.8,0,0
47,39,731.5,1,0
80,56,1351.63,1,0
297,50,826.53,3,1
3,97,684.41,0,0
9,95,1599.52,0,0
50,136,2965.69,0,0
161,15,100.97,1,1
360,19,365.45,3,1
5,11,400.86,0,0
107,84,1431.93,1,1
25,86,484.38,0,0
32,4,777.6,0,0
20,3,90.30000000000001,0,0
297,13,363.7,3,1
372,13,248.1,3,1
22,169,950.26,0,0
5,35,874.59,0,0
52,113,1627.13,0,0
30,6,101.69999999999999,0,0
277,17,162.7,3,1
61,40,484.32,1,0
25,13,215.07999999999998,0,0
186,156,1046.57,1,1
2,290,9418.470000000001,0,0
2,183,13027.45,0,0
172,15,290.36,1,1
81,14,228.06,1,0
4,17,244.41,0,0
190,30,455.25,3,1
22,77,1244.59,0,0
18,4,6748.8,0,0
19,177,1095.56,0,0
5,31,593.75,0,0
110,55,548.97,1,1
3,45,1388.81,0,0
54,5,119.62,1,0
165,3,339.3,1,1
291,25,787.15,3,1
10,981,4154.64,0,0
109,251,2298.97,1,1
96,32,922.12,1,1
243,17,379.73,3,1
163,84,5719.82,1,1
42,52,837.1,0,0
35,17,285.89,0,0
67,207,3313.79,0,0
24,11,281.85,0,0
1,460,8338.49,0,0
27,57,841.41,0,0
6,31,511.12,0,0
54,19,1077.74,1,0
364,3,173.7,3,1
15,18,614.66,0,0
194,35,865.6,3,1
3,5,124.2,0,0
15,126,3738.4,0,0
27,87,1421.69,0,0
127,57,1009.6,1,1
85,42,663.61,1,0
71,28,451.44,1,0
183,9,105.84,1,1
113,6,313.62,1,1
374,14,233.45,3,1
80,28,936.08,1,0
249,8,463.95,3,1
232,13,225.15,3,1
71,33,459.24,1,0
69,10,213.5,1,0
4,216,4113.68,0,0
51,27,330.03,1,0
75,53,181.09,1,0
61,85,360.16,1,0
16,12,250.15,0,0
4,7,90.04,0,0
286,10,145.04999999999998,3,1
4,62,813.52,0,0
41,31,244.79999999999998,0,0
36,29,528.08,0,0
75,34,482.47,1,0
18,172,3347.71,0,0
15,276,5493.46,0,0
219,6,75.66,3,1
186,10,129.49,3,1
33,66,1187.66,0,0
70,30,618.59,1,0
183,26,506.19,1,1
15,33,500.42,0,0
236,5,151.85,3,1
31,96,2647.59,0,0
264,14,226.21,3,1
4,9,178.96,0,0
52,29,813.48,1,0
246,5,129.45,3,1
81,48,810.5699999999999,1,0
275,23,333.08,3,1
1,179,4413.1,0,0
79,20,322.8,1,0
30,117,2188.05,0,0
74,64,417.73,1,0
17,152,2883.1,0,0
223,9,217.9,3,1
32,69,1154.47,0,0
23,94,1680.72,0,0
31,50,1257.51,0,0
106,12,231.10000000000002,1,1
5,34,688.33,0,0
246,27,487.51,3,1
178,62,833.78,1,1
170,14,214.06,1,1
43,19,290.65999999999997,1,0
72,24,518.42,1,0
59,118,6773.97,0,0
16,69,1212.66,0,0
141,29,601.27,1,1
18,261,3794.52,0,0
22,73,8625.8,0,0
10,208,933.62,0,0
368,8,123.24,3,1
189,2,39.12,3,1
16,16,1267.6499999999999,0,0
362,9,135.39999999999998,3,1
19,32,118.98,0,0
68,53,570.13,1,0
15,20,306.71999999999997,0,0
24,160,1374.8700000000001,0,0
17,252,4095.9,0,0
28,6,1692.27,0,0
2,114,8134.9400000000005,0,0
55,98,319.61,0,0
34,89,1592.1200000000001,0,0
3,163,3109.99,0,0
366,3,129.75,3,1
43,10,183.7,1,0
73,44,1770.34,1,0
5,30,1028.0,0,0
4,277,66653.56,0,0
61,62,324.24,1,0
47,585,3062.83,0,0
1,62,1260.86,0,0
76,13,422.59999999999997,1,0
72,12,225.57999999999998,1,0
256,3,1276.0,3,1
69,60,482.01,1,0
135,10,657.9000000000001,1,1
241,21,112.75,3,1
227,5,1998.0,3,1
9,308,5076.55,0,0
9,144,5398.3,0,0
1,270,14034.99,0,0
37,123,531.35,0,0
46,27,656.63,1,0
85,79,3029.87,1,0
19,402,2483.04,0,0
3,22,1651.03,0,0
9,447,3645.43,0,0
19,624,6923.13,0,0
219,93,1161.53,3,1
78,19,301.71999999999997,1,0
267,2,901.2,3,1
24,199,3858.38,0,0
369,45,623.75,3,1
15,201,1790.42,0,0
26,27,155.24,0,0
262,37,292.47,3,1
17,225,4730.81,0,0
91,43,589.15,1,1
302,151,781.02,3,1
26,185,1382.02,0,0
364,46,272.82,3,1
46,269,1054.67,0,0
38,660,7239.92,0,0
52,82,743.11,0,0
32,28,603.75,0,0
52,53,650.51,1,0
79,125,2300.56,1,0
53,1,417.59999999999997,1,0
298,1,3.75,3,1
177,13,323.0,1,1
47,1,464.9,1,0
29,191,2238.09,0,0
11,242,1304.76,0,0
87,357,7194.3,0,0
5,449,6697.66,0,0
38,42,836.06,0,0
18,69,1515.9,0,0
45,95,623.93,0,0
31,25,1764.72,0,0
373,9,207.5,3,1
58,34,223.92000000000002,1,0
372,2,2002.4,3,1
114,170,1496.83,1,1
215,13,239.4,3,1
319,7,106.83000000000001,3,1
65,22,369.34000000000003,1,0
8,42,789.79,0,0
97,13,316.62,1,1
20,89,1501.38,0,0
199,23,611.85,3,1
4,706,2799.25,0,0
294,1,34.0,3,1
273,34,1145.6,3,1
31,222,5580.6,0,0
48,54,478.09000000000003,0,0
260,40,380.39,3,1
58,145,770.1,0,0
33,255,2246.81,0,0
57,26,171.59,1,0
68,48,661.52,1,0
10,158,1695.66,0,0
60,76,388.28,1,0
80,50,226.35,1,0
74,16,245.94,1,0
2,333,10629.720000000001,0,0
100,60,425.19,1,1
372,17,311.25,3,1
10,190,2279.9,0,0
20,3,107.6,0,0
123,155,597.48,1,1
8,5,80.8,0,0
4,93,1545.6200000000001,0,0
29,320,1721.78,0,0
282,12,110.38000000000001,3,1
57,16,243.84,1,0
1,285,1222.71,0,0
365,66,414.88,3,1
89,18,305.62,1,0
11,164,1201.49,0,0
163,76,1619.73,1,1
65,24,332.3,1,0
23,60,536.99,0,0
174,98,460.59,1,1
103,103,801.49,1,1
143,67,1121.59,1,1
99,23,288.42,1,1
23,149,914.69,0,0
192,15,309.54,3,1
5,28,547.07,0,0
361,15,479.35,3,1
8,449,1692.98,0,0
14,324,6509.1,0,0
103,28,417.06,1,1
3,86,1604.75,0,0
11,189,3349.57,0,0
96,26,497.61,1,1
227,38,358.38,3,1
16,26,460.64,0,0
39,28,775.1800000000001,0,0
51,22,341.7,1,0
93,8,128.5,1,1
157,11,197.22,1,1
39,23,325.91,0,0
184,12,199.15,1,1
1,47,1106.53,0,0
228,24,413.46,3,1
128,10,180.85,1,1
40,11,251.87,1,0
31,165,3170.98,0,0
197,25,588.85,3,1
9,266,16594.35,0,0
37,116,1869.82,0,0
101,63,1264.19,1,1
43,378,10196.57,0,0
50,11,214.32,1,0
43,12,193.44,1,0
53,14,281.42,1,0
187,8,124.57,3,1
334,19,332.41,3,1
4,20,342.45,0,0
10,9,144.91000000000003,0,0
24,19,328.4,0,0
15,2,35.400000000000006,0,0
369,10,375.69000000000005,3,1
145,52,747.81,1,1
60,6,173.76,1,0
31,26,502.8,0,0
141,11,207.73999999999998,1,1
23,128,825.42,0,0
22,137,2812.34,0,0
77,7,680.02,1,0
5,279,7123.62,0,0
67,112,2095.53,1,0
12,159,853.72,0,0
84,3,13.3,1,0
31,178,1519.08,0,0
67,1,432.0,1,0
67,39,705.12,1,0
187,38,276.73,3,1
38,26,429.84000000000003,0,0
15,101,471.51,0,0
35,37,194.88,0,0
195,135,1578.67,3,1
2,203,809.7,0,0
1,99,525.54,0,0
367,45,145.93,3,1
65,69,219.14,1,0
299,37,289.78,3,1
26,162,508.81,0,0
8,125,1281.56,0,0
17,79,887.11,0,0
116,44,1706.88,1,1
29,60,373.24,0,0
4,710,3754.27,0,0
5,208,3102.43,0,0
82,93,579.77,1,0
29,151,981.65,0,0
72,18,379.14,1,0
4,547,1510.06,0,0
29,101,2575.38,0,0
290,8,113.44,3,1
36,38,208.46,0,0
9,57,621.6800000000001,0,0
24,143,576.26,0,0
277,9,391.52,3,1
50,128,1068.82,0,0
156,327,2596.45,1,1
61,60,169.79,1,0
12,672,7247.61,0,0
21,83,846.75,0,0
371,14,230.25,3,1
116,6,543.05,1,1
80,209,2847.6,0,0
4,77,1295.39,0,0
26,54,380.55,0,0
5,898,4604.22,0,0
53,53,161.94,1,0
1,44,563.23,0,0
55,62,950.9300000000001,1,0
26,57,262.68,0,0
9,241,2736.38,0,0
52,305,3049.88,0,0
13,281,1920.59,0,0
212,33,816.73,3,1
22,249,4345.5,0,0
236,21,406.48,3,1
139,19,435.02,1,1
4,60,1286.27,0,0
57,42,1178.56,1,0
135,86,1277.75,1,1
109,16,167.61,1,1
30,1,20.8,0,0
1,54,2085.08,0,0
185,25,518.67,1,1
18,16,308.74,0,0
239,16,416.64,3,1
87,7,117.35000000000001,1,0
39,101,507.05,0,0
116,14,234.17,1,1
187,7,110.55000000000001,3,1
227,26,201.19,3,1
8,28,2154.97,0,0
189,21,319.02,3,1
4,31,439.43,0,0
39,42,650.41,0,0
38,41,357.21,0,0
267,2,251.51999999999998,3,1
78,39,344.33,1,0
4,89,1852.0,0,0
255,87,1078.96,3,1
61,22,384.06,1,0
13,148,1931.25,0,0
88,407,4481.35,0,0
17,120,5464.12,0,0
30,3,1873.2,0,0
3,129,1625.05,0,0
5,7,126.12,0,0
7,12,1133.25,0,0
219,1,179.0,3,1
11,93,1614.31,0,0
30,37,1456.96,0,0
288,12,702.0,3,1
150,4,295.0,1,1
23,23,484.82,0,0
1,169,3989.57,0,0
86,49,1493.73,1,0
46,44,1412.94,0,0
5,44,781.78,0,0
51,52,889.9300000000001,1,0
18,11,195.36,0,0
30,15,270.9,0,0
8,74,586.33,0,0
29,217,1842.56,0,0
3,252,8694.26,0,0
41,16,920.1,1,0
11,234,1272.61,0,0
31,7,71.0,0,0
45,3,95.85,1,0
61,9,357.77,1,0
185,4,154.82999999999998,3,1
79,153,890.29,1,0
111,2,716.0,1,1
64,11,146.87,1,0
12,22,380.35,0,0
86,28,1030.14,1,0
16,30,745.52,0,0
246,28,433.53000000000003,3,1
88,75,1267.32,1,0
30,22,112.4,0,0
138,15,449.73,1,1
27,70,1081.57,0,0
3,98,1044.3799999999999,0,0
32,102,1735.18,0,0
25,6,948.48,0,0
113,22,339.44,1,1
157,22,642.02,1,1
85,65,1100.9,1,0
118,43,925.35,1,1
3,318,5659.9800000000005,0,0
96,316,3228.84,0,1
194,43,247.14000000000001,3,1
28,92,413.75,0,0
131,13,498.48,1,1
28,83,1356.33,0,0
82,62,1179.89,1,0
30,516,3095.04,0,0
266,5,234.24,3,1
74,99,5232.2300000000005,1,0
314,70,538.37,3,1
21,78,1461.14,0,0
59,62,859.35,1,0
12,296,4552.14,0,0
28,143,2709.7000000000003,0,0
114,64,312.14,1,1
28,140,2429.03,0,0
18,174,1446.09,0,0
18,77,834.12,0,0
36,25,841.0799999999999,0,0
36,28,378.2,0,0
78,2,118.80000000000001,1,0
22,8,287.62,0,0
25,64,290.16,0,0
33,81,2003.85,0,0
109,52,1405.78,1,1
35,162,2949.75,0,0
123,187,1566.65,1,1
7,96,2050.08,0,0
28,115,1991.01,0,0
4,63,2043.95,0,0
3,195,3827.76,0,0
50,125,1777.78,0,0
322,14,302.0,3,1
23,74,1324.16,0,0
15,48,1022.13,0,0
2,211,954.42,0,0
18,65,971.74,0,0
10,42,1621.73,0,0
262,1,25.5,3,1
159,90,665.78,1,1
33,418,10815.43,0,0
29,117,885.04,0,0
165,12,163.29999999999998,1,1
47,30,248.61,1,0
6,127,808.62,0,0
8,39,837.5,0,0
288,9,116.19999999999999,3,1
318,10,157.02,3,1
3,35,606.91,0,0
233,18,307.46,3,1
119,7,138.32,1,1
162,9,345.29999999999995,1,1
185,32,298.89,1,1
50,40,259.35,1,0
152,260,1004.75,1,1
335,14,157.09,3,1
5,134,2463.17,0,0
16,27,4892.240000000001,0,0
107,24,425.0,1,1
16,52,1139.73,0,0
276,24,380.5,3,1
16,478,10668.47,0,0
247,20,465.32,3,1
239,15,579.0,3,1
1,48,984.57,0,0
106,35,749.78,1,1
23,81,1714.59,0,0
52,9,124.88,1,0
195,14,1689.5,3,1
24,14,213.78,0,0
75,23,329.34,1,0
18,20,251.70000000000002,0,0
8,13,319.0,0,0
32,67,1266.97,0,0
22,101,1538.88,0,0
31,229,3518.03,0,0
29,104,1715.46,0,0
22,5,293.1,0,0
33,144,2467.35,0,0
284,10,158.68,3,1
39,12,206.34,1,0
58,54,835.78,1,0
289,16,224.91,3,1
79,15,317.76,1,0
5,86,3766.6,0,0
218,4,59.9,3,1
44,63,1443.69,0,0
202,15,306.13,3,1
178,80,711.79,1,1
56,128,796.03,0,0
57,23,239.92000000000002,1,0
8,73,3347.31,0,0
47,2,144.0,1,0
227,10,203.95,3,1
11,84,2474.23,0,0
106,61,384.40000000000003,1,1
59,19,444.74,1,0
28,237,2095.13,0,0
36,32,1699.3000000000002,0,0
274,29,262.62,3,1
30,29,1013.01,0,0
24,96,692.22,0,0
54,40,342.63,1,0
36,152,3563.85,0,0
175,57,1564.56,1,1
54,13,384.08,1,0
53,7,204.24,1,0
27,211,2317.2200000000003,0,0
253,4,226.85,3,1
40,157,2781.23,0,0
60,103,1069.1200000000001,0,0
234,9,113.5,3,1
4,274,1960.72,0,0
32,25,114.23,0,0
24,472,3198.25,0,0
7,63,335.13,0,0
65,28,354.15,1,0
310,49,426.79,3,1
309,21,393.49,3,1
19,47,939.32,0,0
16,208,1906.09,0,0
96,47,318.76,1,1
264,69,3638.41,3,1
12,541,3174.32,0,0
3,36,421.52,0,0
35,25,190.88,0,0
183,14,149.89000000000001,1,1
25,29,550.06,0,0
13,105,916.13,0,0
11,19,314.69,0,0
3,566,3744.65,0,0
313,15,382.5,3,1
108,40,1135.04,1,1
1,400,8676.85,0,0
53,31,954.9,1,0
205,9,171.45,3,1
15,55,282.19,0,0
120,69,318.65,1,1
4,57,384.52,0,0
363,39,283.28000000000003,3,1
117,87,353.86,1,1
18,18,178.26,0,0
5,112,272.44,0,0
41,78,298.41,0,0
107,16,240.0,1,1
148,124,603.37,1,1
52,12,1253.3600000000001,1,0
208,23,63.440000000000005,3,1
139,127,562.9,1,1
2,80,310.64,0,0
127,38,317.62,1,1
108,6,763.64,1,1
42,114,2148.63,0,0
35,27,111.97999999999999,0,0
228,69,1065.3500000000001,3,1
241,15,246.04,3,1
58,9,187.82999999999998,1,0
130,94,1703.41,1,1
60,292,1652.58,0,0
22,45,153.92,0,0
26,124,1064.11,0,0
9,142,1419.73,0,0
32,111,944.41,0,0
4,102,525.24,0,0
308,1,550.8000000000001,3,1
8,135,1875.1100000000001,0,0
29,69,556.95,0,0
17,51,131.78,0,0
101,30,498.42,1,1
12,57,669.11,0,0
21,66,197.63,0,0
15,79,1135.63,0,0
361,53,250.04,3,1
11,66,8631.31,0,0
95,12,82.75,1,1
78,55,1384.85,1,0
139,14,644.3,1,1
31,24,2328.84,0,0
25,131,2527.92,0,0
2,473,6292.26,0,0
46,9,2600.34,1,0
100,73,1200.6200000000001,1,1
8,107,700.86,0,0
15,200,921.07,0,0
18,50,990.23,0,0
280,6,96.8,3,1
14,33,523.11,0,0
23,6,363.9,0,0
124,1,175.2,1,1
86,28,494.25,1,0
302,11,307.02,3,1
151,543,2027.8700000000001,0,1
17,753,6643.93,0,0
94,9,243.36,1,1
30,407,12353.29,0,0
157,183,781.36,1,1
355,17,193.64,3,1
46,32,160.57,1,0
15,87,537.74,0,0
4,500,2676.56,0,0
86,1,228.96,1,0
15,215,1159.52,0,0
179,9,110.75,1,1
8,71,1286.07,0,0
36,27,587.15,0,0
129,8,1740.0,1,1
51,16,1393.06,1,0
312,19,178.22,3,1
24,45,388.14,0,0
303,59,365.85,3,1
11,15,127.86,0,0
17,132,585.79,0,0
49,29,488.2,1,0
239,35,312.23,3,1
1,411,4481.18,0,0
13,468,4801.56,0,0
238,34,168.4,3,1
23,111,1912.67,0,0
73,33,446.18,1,0
17,87,423.89,0,0
41,253,1342.68,0,0
40,57,646.92,0,0
219,28,495.77,3,1
199,69,400.1,3,1
71,24,203.2,1,0
24,418,4100.92,0,0
11,83,404.66,0,0
9,109,20275.61,0,0
65,2,65.4,1,0
4,51,199.29,0,0
19,15,336.4,0,0
15,47,261.11,0,0
8,28,2686.42,0,0
20,78,784.11,0,0
78,15,1259.56,1,0
1,213,31833.68,0,0
164,3,508.8,1,1
307,62,457.91,3,1
219,4,203.86999999999998,3,1
39,27,7330.8,0,0
22,92,696.41,0,0
115,38,653.38,1,1
126,213,2129.96,1,1
5,59,2633.85,0,0
36,33,281.62,0,0
4,198,31906.82,0,0
1,82,1031.41,0,0
333,113,2200.42,3,1
163,2,32.65,1,1
185,13,771.85,1,1
16,64,1214.72,0,0
12,41,778.94,0,0
3,66,1258.06,0,0
44,6,778.0,1,0
80,14,507.84,1,0
30,269,6893.42,0,0
42,30,463.46000000000004,0,0
11,206,4226.57,0,0
50,30,598.83,1,0
16,117,1979.37,0,0
46,26,698.41,1,0
19,43,759.17,0,0
8,271,5037.26,0,0
72,2,100.8,1,0
1,328,17256.85,0,0
128,39,524.9200000000001,1,1
33,14,265.76,0,0
313,43,403.3,3,1
18,48,365.76,0,0
88,54,303.15999999999997,1,0
2,134,2373.82,0,0
2,9,216.29999999999998,0,0
254,17,388.45000000000005,3,1
157,5,186.42000000000002,1,1
37,135,2248.56,0,0
220,1,534.24,3,1
148,135,2940.04,1,1
177,9,120.9,1,1
40,36,541.53,0,0
2,277,2520.86,0,0
8,337,194550.79,2,0
1,100,1721.4,0,0
18,19,486.71999999999997,0,0
192,61,517.53,3,1
204,8,131.7,3,1
365,17,249.86,3,1
127,19,1737.7,1,1
15,54,316.5,0,0
43,111,657.3,0,0
94,29,622.4300000000001,1,1
23,111,757.46,0,0
60,27,675.69,1,0
16,215,1896.41,0,0
158,9,289.96000000000004,1,1
10,41,763.28,0,0
10,5,137.0,0,0
16,88,1870.97,0,0
45,78,1125.07,0,0
191,181,710.29,3,1
79,14,194.37,1,0
78,29,511.82,1,0
4,82,1255.59,0,0
65,21,414.04,1,0
261,24,396.87,3,1
59,29,376.64,1,0
1,76,2092.32,0,0
1,109,3558.87,0,0
248,12,374.57,3,1
8,27,497.56,0,0
359,10,271.05,3,1
76,17,272.22,1,0
290,40,622.88,3,1
17,5,1138.0,0,0
221,18,288.6,3,1
9,28,689.1,0,0
3,38,558.96,0,0
206,127,2997.0299999999997,3,1
162,52,1145.84,1,1
76,14,302.2,1,0
262,88,605.58,3,1
281,22,387.31,3,1
58,366,6115.14,0,0
25,20,308.48,0,0
3,963,91062.38,2,0
29,105,2924.9900000000002,0,0
72,6,513.2,1,0
128,40,208.65,1,1
31,87,639.02,0,0
15,137,768.08,0,0
309,11,153.94,3,1
17,82,1844.02,0,0
54,30,546.81,1,0
30,45,723.2099999999999,0,0
2,73,1070.71,0,0
11,33,652.74,0,0
361,6,145.0,3,1
360,9,422.70000000000005,3,1
5,19,1195.8999999999999,0,0
54,47,939.37,1,0
1,253,3628.5,0,0
1,394,2385.0,0,0
190,14,296.7,3,1
54,9,223.36,1,0
280,13,164.4,3,1
177,3,76.5,1,1
30,75,897.62,0,0
26,9,98.42,0,0
25,25,578.9,0,0
270,25,170.75,3,1
43,145,645.96,0,0
234,5,103.3,3,1
24,6,148.86,0,0
197,42,267.16,3,1
359,43,306.84,3,1
60,49,930.41,1,0
130,2,1487.6,1,1
1,88,1952.45,0,0
20,106,483.26,0,0
206,6,157.9,3,1
14,34,541.46,0,0
95,27,854.95,1,1
19,46,167.62,0,0
14,63,1122.38,0,0
24,49,454.01,0,0
8,152,901.21,0,0
7,165,4331.48,0,0
332,29,344.14,3,1
50,299,1498.51,0,0
71,12,226.75000000000003,1,0
29,25,380.6,0,0
243,8,185.65,3,1
8,411,3622.68,0,0
218,5,143.45999999999998,3,1
5,50,448.90000000000003,0,0
253,45,215.72,3,1
1,440,11045.04,0,0
236,29,175.27,3,1
7,35,1242.3,0,0
109,214,1133.07,1,1
100,23,1240.2,1,1
60,253,2404.17,0,0
2,201,1479.22,0,0
73,166,2225.9700000000003,0,0
4,213,3927.34,0,0
85,50,993.18,1,0
12,83,388.79,0,0
23,270,2827.93,0,0
214,55,2044.3700000000001,3,1
18,13,161.67000000000002,0,0
239,9,116.00999999999999,3,1
2,560,5102.97,0,0
78,11,394.72,1,0
217,63,309.36,3,1
33,59,193.42,0,0
41,237,1112.22,0,0
7,576,3984.22,0,0
53,135,2048.45,0,0
23,312,4559.150000000001,0,0
57,100,390.07,0,0
130,14,329.6,1,1
174,3,571.1999999999999,1,1
6,78,971.58,0,0
312,77,218.52,3,1
60,4,81.44,1,0
21,26,1379.9,0,0
33,33,527.0500000000001,0,0
15,50,843.48,0,0
18,315,2047.0,0,0
81,5,75.75,1,0
6,123,1814.12,0,0
170,26,503.59999999999997,1,1
2,39,528.33,0,0
31,70,1324.84,0,0
36,297,2361.9700000000003,0,0
19,20,285.56,0,0
31,35,547.0600000000001,0,0
276,7,108.5,3,1
87,5,621.66,1,0
120,40,712.29,1,1
373,8,101.55,3,1
1,157,2895.64,0,0
219,51,1008.39,3,1
65,7,133.06,1,0
61,91,1797.5,1,0
138,52,868.49,1,1
21,8,166.08,0,0
12,232,3945.0,0,0
25,259,4867.72,0,0
37,44,1207.56,0,0
277,22,117.55,3,1
11,91,2638.94,0,0
73,82,1674.69,1,0
26,19,595.42,0,0
17,158,2999.46,0,0
141,45,196.0,1,1
26,86,1802.91,0,0
19,43,604.64,0,0
4,18,728.16,0,0
66,117,2055.51,0,0
1,15,347.75,0,0
43,68,3406.7200000000003,0,0
228,11,205.7,3,1
16,53,1572.71,0,0
50,110,3178.17,0,0
2,227,1629.12,0,0
74,27,551.04,1,0
1,705,20374.28,0,0
4,78,1387.68,0,0
2,304,16363.23,0,0
264,16,298.11,3,1
53,30,1992.1100000000001,1,0
24,11,184.4,0,0
10,118,2474.33,0,0
44,15,239.41,1,0
17,130,3191.53,0,0
7,286,5739.46,0,0
30,256,4757.95,0,0
358,19,290.40000000000003,3,1
127,46,740.9399999999999,1,1
137,16,200.47,1,1
142,15,283.12,1,1
132,35,765.34,1,1
38,115,2285.71,0,0
236,19,338.95,3,1
261,8,154.95,3,1
17,142,2534.64,0,0
253,24,417.95,3,1
30,74,1824.37,0,0
35,55,798.74,0,0
169,31,885.19,1,1
3,103,1823.52,0,0
4,382,10504.49,0,0
185,5,152.4,3,1
188,35,267.08,3,1
170,7,137.45,1,1
11,23,385.1,0,0
45,29,522.91,1,0
321,10,153.0,3,1
201,1,326.4,3,1
23,245,5655.99,0,0
232,6,139.35,3,1
38,274,5396.04,0,0
26,50,1195.94,0,0
96,115,2424.04,1,1
127,10,3276.4000000000005,1,1
71,40,1033.0,1,0
16,192,3439.08,0,0
15,66,1060.25,0,0
4,165,2876.01,0,0
3,218,5298.4800000000005,0,0
79,67,1240.11,1,0
373,18,303.97,3,1
39,35,692.19,0,0
54,43,700.63,1,0
2,690,13110.02,0,0
9,25,377.44,0,0
9,10,168.24,0,0
19,97,1879.05,0,0
12,47,2791.35,0,0
113,15,355.11,1,1
4,136,2322.4,0,0
240,6,110.25,3,1
113,1,71.4,1,1
178,35,674.52,1,1
5,193,1797.57,0,0
359,1,80.64,3,1
1,92,1772.26,0,0
1,741,5605.29,0,0
19,412,3456.7000000000003,0,0
17,95,834.99,0,0
22,25,287.59,0,0
33,19,712.78,0,0
263,1,15.0,3,1
51,75,818.8199999999999,0,0
159,57,371.88,1,1
15,21,271.2,0,0
8,105,2273.1800000000003,0,0
13,310,3997.98,0,0
199,38,1143.27,3,1
57,54,245.81,1,0
11,53,182.77,0,0
97,156,1225.41,1,1
255,3,56.4,3,1
25,194,665.86,0,0
21,82,658.57,0,0
159,12,188.02,1,1
72,67,283.47,1,0
53,13,131.94,1,0
85,72,278.74,1,0
153,134,1865.19,1,1
74,5,1117.9,1,0
281,14,225.9,3,1
27,190,1965.55,0,0
30,10,106.1,0,0
25,58,323.04,0,0
180,46,350.39,1,1
40,82,697.9,0,0
22,111,780.43,0,0
22,408,3055.93,0,0
37,104,1199.01,0,0
82,140,1285.04,1,0
74,10,512.31,1,0
11,43,546.04,0,0
16,61,5411.91,0,0
4,851,7837.7300000000005,0,0
13,141,732.16,0,0
14,371,1770.8799999999999,0,0
37,17,36.56,0,0
4,33,387.68,0,0
72,48,3704.87,1,0
51,13,298.4,1,0
5,220,1995.46,0,0
23,67,1820.09,0,0
299,30,889.24,3,1
2,23,398.7,0,0
33,2,35.400000000000006,0,0
50,61,155.37,1,0
3,61,350.64,0,0
47,24,110.21000000000001,1,0
42,169,1593.38,0,0
27,121,2779.3,0,0
42,56,338.8,0,0
2,7847,40991.57,2,0
303,37,205.48,3,1
107,5,51.559999999999995,1,1
85,1,2033.1,1,0
81,51,901.1999999999999,1,0
218,26,605.8000000000001,3,1
372,297,5391.21,3,1
12,24,114.34,0,0
185,15,311.26,1,1
373,17,208.97,3,1
2,15,1418.03,0,0
4,54,26879.04,0,0
6,199,5155.66,0,0
305,25,148.21,3,1
369,58,252.8,3,1
3,222,2100.8,0,0
324,11,330.9,3,1
59,148,3160.0,0,0
13,102,597.5,0,0
31,370,10526.32,0,0
143,9,329.65,1,1
30,79,1197.1000000000001,0,0
107,40,428.18,1,1
2,279,1894.35,0,0
205,10,155.9,3,1
80,44,1859.16,1,0
185,46,683.46,1,1
170,12,237.61,1,1
44,26,379.45,1,0
174,6,178.51999999999998,1,1
365,26,458.92,3,1
304,8,133.35000000000002,3,1
3,145,671.77,0,0
4,117,717.45,0,0
12,64,190.19,0,0
32,109,899.61,0,0
129,10,111.35,1,1
21,67,726.05,0,0
212,21,203.87,3,1
323,94,602.09,3,1
162,34,203.85999999999999,1,1
56,28,244.1,1,0
225,16,112.25,3,1
72,193,1119.81,0,0
44,16,98.0,1,0
23,2,256.32,0,0
173,114,566.6,1,1
85,28,152.06,1,0
159,32,155.8,1,1
190,6,112.19999999999999,3,1
29,19,110.38,0,0
21,38,191.67,0,0
71,34,800.24,1,0
247,12,72.9,3,1
374,58,243.28,3,1
9,39,366.23,0,0
310,38,311.01,3,1
59,59,411.6,1,0
4,80,336.43,0,0
45,94,341.28,0,0
88,23,1304.04,1,0
4,696,4204.1,0,0
64,145,826.52,0,0
282,1,207.50000000000003,3,1
12,31,2962.5,0,0
373,1,244.08,3,1
133,21,397.29,1,1
45,23,212.54,1,0
11,5,843.0,0,0
36,39,1740.48,0,0
134,65,408.36,1,1
29,90,1331.57,0,0
52,21,704.25,1,0
138,29,145.79,1,1
5,77,389.84,0,0
9,43,4301.22,0,0
160,12,99.14,1,1
49,19,4106.4400000000005,0,0
131,2,304.56,1,1
8,2,77.50000000000001,0,0
233,20,149.57999999999998,3,1
37,9,176.68,1,0
147,1,358.56000000000006,1,1
1,70,58510.48,0,0
72,71,482.2,1,0
40,20,1008.5400000000001,0,0
5,485,2332.72,0,0
199,19,557.3,3,1
249,1,12.75,3,1
66,31,111.68,1,0
117,7,508.4599999999999,1,1
171,26,73.78,1,1
21,249,1296.44,0,0
142,35,102.83,1,1
32,104,471.7,0,0
38,329,2622.57,0,0
38,68,1098.43,0,0
372,48,123.07,3,1
374,85,277.35,3,1
166,14,228.2,1,1
211,31,582.59,3,1
242,31,136.04,3,1
52,15,337.04,1,0
25,179,740.79,0,0
15,296,4488.81,0,0
372,65,353.19,3,1
29,21,288.14,0,0
365,12,300.91999999999996,3,1
36,146,757.71,0,0
166,30,811.45,1,1
145,48,152.68,1,1
22,23,634.95,0,0
56,1,20.8,1,0
185,13,198.57,1,1
12,38,201.12,0,0
237,29,630.84,3,1
225,5,93.35,3,1
122,81,678.49,1,1
282,2,76.1,3,1
74,166,1970.6699999999998,0,0
37,93,382.06,0,0
12,58,417.23,0,0
362,40,169.47,3,1
4,60,249.72,0,0
23,22,444.68,0,0
70,30,2116.19,1,0
235,32,257.34,3,1
257,14,174.8,3,1
373,28,102.78999999999999,3,1
155,31,187.29,1,1
28,32,166.42,0,0
4,46,120.03,0,0
32,123,1483.56,0,0
81,3,523.0,1,0
108,29,122.14,1,1
52,5,38.45,1,0
36,191,668.11,0,0
153,21,389.78,1,1
99,21,115.31,1,1
4,9,230.64999999999998,0,0
334,5,73.5,3,1
65,34,97.97,1,0
22,112,422.88,0,0
36,53,730.4,0,0
32,96,405.62,0,0
154,19,70.02,1,1
19,19,357.20000000000005,0,0
12,472,4183.39,0,0
54,7,165.04999999999998,1,0
25,121,559.51,0,0
4,127,2088.6,0,0
45,47,189.4,0,0
203,7,172.29000000000002,3,1
359,5,74.4,3,1
71,20,300.02,1,0
7,360,6784.1900000000005,0,0
288,19,363.65,3,1
10,3,170.16,0,0
23,19,306.46,0,0
22,46,2119.41,0,0
173,27,720.52,1,1
133,7,814.0,1,1
6,137,2392.83,0,0
75,10,318.0,1,0
40,37,396.33,0,0
289,1,101.69999999999999,3,1
26,470,2036.67,0,0
258,25,453.0,3,1
186,18,247.44,3,1
114,73,3877.5200000000004,1,1
374,13,489.6,3,1
23,142,2611.75,0,0
8,227,2633.0099999999998,0,0
217,29,336.13,3,1
45,127,3651.97,0,0
19,2,1231.5,0,0
36,17,343.45,0,0
26,73,703.37,0,0
16,1,90.47999999999999,0,0
330,29,689.95,3,1
274,7,101.34,3,1
98,2,4055.7199999999993,1,1
61,39,167.67000000000002,1,0
2,89,9068.26,0,0
93,36,2106.52,1,1
82,70,3017.3,1,0
313,21,580.0500000000001,3,1
12,213,911.15,0,0
8,108,2697.8,0,0
127,19,168.31,1,1
11,41,223.65,0,0
1,431,259657.3,2,0
37,38,754.64,0,0
38,18,113.48000000000002,0,0
330,39,430.7,3,1
254,17,271.0,3,1
2,444,8052.97,0,0
20,46,236.3,0,0
12,26,352.69,0,0
369,1,76.32000000000001,3,1
290,28,220.1,3,1
68,378,1418.03,0,0
26,74,320.72,0,0
11,1279,5653.82,0,0
368,30,181.12,3,1
214,17,111.15,3,1
149,32,673.1,1,1
8,364,1826.21,0,0
24,36,589.4399999999999,0,0
30,196,1142.99,0,0
61,56,206.82999999999998,1,0
19,47,348.73,0,0
243,14,112.55000000000001,3,1
15,70,1059.39,0,0
212,1,931.4999999999999,3,1
29,20,681.9100000000001,0,0
63,38,784.33,1,0
295,8,152.65,3,1
18,159,8438.34,0,0
157,15,1019.52,1,1
117,61,1000.16,1,1
8,43,2888.75,0,0
13,221,2861.55,0,0
141,10,160.35000000000002,1,1
46,7,179.33999999999997,1,0
51,16,612.0799999999999,1,0
32,37,566.58,0,0
135,38,653.35,1,1
3,21,399.19,0,0
75,25,371.62,1,0
13,140,734.94,0,0
9,34,453.4,0,0
301,23,530.15,3,1
57,39,638.0600000000001,1,0
15,80,1618.69,0,0
37,24,399.65000000000003,0,0
177,10,302.46000000000004,1,1
23,37,1384.8600000000001,0,0
176,131,1169.94,1,1
61,9,202.65,1,0
33,38,980.31,0,0
59,54,1231.31,1,0
15,189,7561.68,0,0
87,31,2106.84,1,0
7,1,104.0,0,0
358,30,476.35,3,1
31,74,1341.42,0,0
129,97,1590.81,1,1
9,90,1793.17,0,0
5,119,1843.75,0,0
24,44,382.8,0,0
227,37,632.07,3,1
15,1,49.8,0,0
249,17,304.25,3,1
15,71,2001.04,0,0
78,68,1090.24,1,0
192,15,284.46000000000004,3,1
262,7,207.79999999999998,3,1
72,45,957.97,1,0
165,16,243.76,1,1
82,7,973.8399999999999,1,0
95,141,689.13,1,1
4,159,5425.56,0,0
106,32,163.8,1,1
200,68,1396.99,3,1
157,19,160.42000000000002,1,1
71,200,1993.7,0,0
36,32,517.36,0,0
29,8,139.10000000000002,0,0
2,134,2621.38,0,0
26,42,600.07,0,0
326,43,248.42,3,1
237,15,232.48000000000002,3,1
89,13,299.34000000000003,1,0
31,26,481.75,0,0
29,31,621.75,0,0
211,21,662.08,3,1
3,114,2069.77,0,0
227,2,305.28000000000003,3,1
22,64,1041.61,0,0
93,19,443.0,1,1
5,272,6484.54,0,0
264,10,158.95000000000002,3,1
3,271,5509.12,0,0
44,242,5228.05,0,0
218,5,93.75,3,1
57,30,779.9,1,0
12,164,7276.900000000001,0,0
9,86,2810.2000000000003,0,0
192,124,2083.27,3,1
82,37,592.97,1,0
326,1,440.0,3,1
72,104,1796.48,1,0
30,49,882.24,0,0
3,61,987.1,0,0
219,88,1561.6100000000001,3,1
46,6,422.58,1,0
10,104,2073.09,0,0
72,78,2232.4900000000002,1,0
7,175,2567.06,0,0
24,4,596.1,0,0
123,47,804.02,1,1
17,8,95.34,0,0
310,21,349.27,3,1
87,16,4314.72,1,0
51,98,526.67,0,0
89,6,103.3,1,0
39,118,2337.63,0,0
25,42,2338.6000000000004,0,0
173,134,2643.2000000000003,1,1
43,21,324.24,1,0
140,13,149.48,1,1
26,61,1213.1599999999999,0,0
72,46,801.51,1,0
134,1,25.5,1,1
366,7,168.6,3,1
38,11,283.15,1,0
3,166,3078.58,0,0
2,3,204.0,0,0
30,11,175.92,0,0
44,14,335.86,1,0
58,8,110.38,1,0
74,9,173.9,1,0
278,10,180.60000000000002,3,1
181,7,80.82,1,1
8,12,178.05,0,0
4,756,2094.88,0,0
43,70,1837.28,0,0
